"station","stationid","latcoord","loncoord"
"Tanner Street, Bermondsey",85,51.500647,-0.0786
"Sancroft Street, Vauxhall",86,51.489479,-0.115156
"Devonshire Square, Liverpool Street",87,51.516468,-0.079684
"Bayley Street , Bloomsbury",88,51.518587,-0.132053
"Tavistock Place, Bloomsbury",89,51.52625,-0.123509
"Harrington Square 1, Camden Town",90,51.533019,-0.139174
"Walnut Tree Walk, Vauxhall",91,51.493686,-0.111014
"Borough Road, Elephant & Castle",92,51.498898,-0.10044
"Cloudesley Road, Angel",93,51.534408,-0.109025
"Bricklayers Arms, Borough",94,51.495061,-0.085814
"Aldersgate Street, Barbican",95,51.520841,-0.09734
"Falkirk Street, Hoxton",96,51.53095,-0.078505
"Gloucester Road (North), Kensington",97,51.497924,-0.183834
"Hampstead Road, Euston",98,51.525542,-0.138231
"Old Quebec Street, Marylebone",99,51.514577,-0.158264
"Albert Embankment, Vauxhall",100,51.490435,-0.122806
"Queen Street 1, Bank",101,51.511553,-0.09294
"Jewry Street, Aldgate",102,51.513406,-0.076793
"Vicarage Gate, Kensington",103,51.504723,-0.192538
"Crosswall, Tower",104,51.511594,-0.077121
"Westbourne Grove, Bayswater",105,51.515529,-0.19024
"Woodstock Street, Mayfair",106,51.514105,-0.147301
"Finsbury Leisure Centre, St. Luke's",107,51.526008,-0.096317
"Abbey Orchard Street, Westminster",108,51.498125,-0.132102
"Soho Square , Soho",109,51.515631,-0.132328
"Wellington Road, St. John's Wood",110,51.533043,-0.172528
"Park Lane , Hyde Park",111,51.510017,-0.157275
"Stonecutter Street, Holborn",112,51.515809,-0.10527
"Gloucester Road (Central), South Kensington",113,51.496462,-0.183289
"Park Road (Baker Street), The Regent's Park",114,51.524517,-0.158963
"Braham Street, Aldgate",115,51.514233,-0.073537
"Little Argyll Street, West End",116,51.514499,-0.141423
"Lollard Street, Vauxhall",117,51.49288,-0.114934
"Rochester Row, Westminster",118,51.495827,-0.135478
"Bath Street, St. Luke's",119,51.525893,-0.090847
"The Guildhall, Guildhall",120,51.515735,-0.09308
"Baker Street, Marylebone",121,51.518913,-0.156166
"Norton Folgate, Liverpool Street",122,51.521113,-0.078869
"St. John Street, Finsbury",123,51.52836,-0.104724
"Eaton Square, Belgravia",124,51.496544,-0.150905
"Borough High Street, The Borough",125,51.500694,-0.094524
"Museum of London, Barbican",126,51.517821,-0.096496
"Wood Street, Guildhall",127,51.517008,-0.093885
"Emperor's Gate, South Kensington",128,51.495362,-0.185296
"Golden Square, Soho",129,51.511897,-0.137043
"Tower Gardens , Tower",130,51.509506,-0.075459
"Eversholt Street , Camden Town",131,51.533005,-0.136792
"Bethnal Green Road, Shoreditch",132,51.523648,-0.074754
"Derry Street, Kensington",133,51.501364,-0.191462
"Wapping High Street, Wapping",134,51.504904,-0.06797
"Clerkenwell Green, Clerkenwell",135,51.52326,-0.104708
"Queen Victoria Street, St. Paul's",136,51.511961,-0.097441
"Green Street, Mayfair",138,51.512276,-0.157436
"Lambeth Road, Vauxhall",139,51.494881,-0.117974
"Finsbury Square , Moorgate",140,51.520962,-0.085634
"Chapel Place, Marylebone",141,51.515308,-0.147203
"West Cromwell Road, Earl's Court",142,51.493724,-0.198286
"Pont Street, Knightsbridge",143,51.496886,-0.161203
"Kennington Cross, Kennington",144,51.48894,-0.111435
"Ilchester Place, Kensington",145,51.500743,-0.202759
"Vauxhall Bridge , Pimlico",146,51.488365,-0.129361
"Portugal Street, Holborn",147,51.514943,-0.116146
"Tachbrook Street, Victoria",148,51.492111,-0.138364
"Kennington Road Post Office, Oval",149,51.484788,-0.110683
"Holy Trinity Brompton, Knightsbridge",150,51.497056,-0.168917
"Chepstow Villas, Notting Hill",151,51.512136,-0.201554
"Hampton Street, Walworth",152,51.49217,-0.101536
"Bayswater Road, Hyde Park",153,51.511933,-0.174411
"Waterloo Station 3, Waterloo",154,51.503791,-0.112824
"Lexham Gardens, Kensington",155,51.495866,-0.191933
"New Kent Road, The Borough",156,51.494436,-0.092921
"Wright's Lane, Kensington",157,51.500397,-0.193068
"Trebovir Road, Earl's Court",158,51.490853,-0.19617
"Waterloo Place, St. James's",160,51.506633,-0.131773
"Guildhouse Street, Victoria",161,51.492345,-0.141334
"Southampton Place, Holborn",162,51.517606,-0.121328
"Sloane Avenue, Knightsbridge",163,51.493184,-0.167894
"Cleveland Gardens, Bayswater",164,51.515607,-0.183118
"Orsett Terrace, Bayswater",165,51.517932,-0.183716
"Seville Street, Knightsbridge",166,51.501855,-0.159237
"Wren Street, Holborn",433,51.524564,-0.116279
"Kennington Station, Kennington",435,51.488852,-0.105593
"Red Lion Street, Holborn",436,51.51824,-0.11655
"Vauxhall Walk, Vauxhall",437,51.488124,-0.120903
"Killick Street, King's Cross",439,51.5338,-0.118677
"Kennington Oval, Oval",440,51.483145,-0.113134
"Sail Street, Vauxhall",441,51.495656,-0.114605
"Walmer Road, Avondale",442,51.510101,-0.211358
"Philpot Street, Whitechapel",443,51.515256,-0.058641
"Bethnal Green Garden, Bethnal Green",444,51.52568,-0.055312
"Cheshire Street, Bethnal Green",445,51.52388,-0.065076
"York Hall, Bethnal Green",446,51.528936,-0.055894
"Jubilee Crescent, Cubitt Town",447,51.493381,-0.007542
"Fisherman's Walk West, Canary Wharf",448,51.50623,-0.02296
"Shadwell Station, Shadwell",449,51.511088,-0.057159
"Jubilee Street, Stepney",450,51.515975,-0.053177
"Hermitage Court, Wapping",451,51.504719,-0.063531
"St. Katharine's Way, Tower",452,51.505697,-0.070542
"Garnet Street, Shadwell",453,51.508447,-0.055167
"Napier Avenue, Millwall",454,51.487679,-0.021582
"East Ferry Road, Cubitt Town",455,51.49447,-0.014409
"Parkway, Camden Town",456,51.538071,-0.144664
"Castlehaven Road, Camden Town",457,51.542138,-0.145393
"Wapping Lane, Wapping",458,51.504749,-0.057544
"Gunmakers Lane, Old Ford",459,51.535179,-0.03338
"Burdett Road, Mile End",460,51.516196,-0.029138
"Aston Street, Stepney",461,51.516,-0.038775
"Bonny Street, Camden Town",462,51.541603,-0.138853
"Thurtle Road, Haggerston",463,51.534776,-0.071881
"St. Mary & St. Michael Church, Stepney",464,51.51417,-0.052099
"Pitfield Street North,Hoxton",465,51.53558,-0.08249
"Whiston Road, Haggerston",466,51.534464,-0.076341
"Southern Grove, Bow",467,51.523538,-0.030556
"Cantrell Road, Bow",468,51.521564,-0.022694
"Lindfield Street, Poplar",469,51.513757,-0.020467
"Mostyn Grove, Bow",470,51.530535,-0.025492
"Hewison Street, Old Ford",471,51.533283,-0.028155
"Malmesbury Road, Bow",472,51.529452,-0.027616
"Millharbour, Millwall",473,51.496137,-0.019355
"Gascoyne Road, Victoria Park",474,51.541515,-0.038557
"Lightermans Road, Millwall",475,51.499041,-0.020157
"Stebondale Street, Cubitt Town",476,51.489096,-0.009205
"Spindrift Avenue, Millwall",477,51.49109,-0.018716
"Stepney Green Station, Stepney",478,51.521889,-0.04667
"Pott Street, Bethnal Green",479,51.527152,-0.058005
"Flamborough Street, Limehouse",480,51.512871,-0.038986
"Saunders Ness Road, Cubitt Town",481,51.487129,-0.009001
"Albert Gardens, Stepney",483,51.51328,-0.047784
"Bromley High Street, Bow",484,51.528828,-0.013258
"Old Ford Road, Bethnal Green",485,51.531127,-0.048017
"Granby Street, Shoreditch",486,51.525645,-0.069543
"Canton Street, Poplar",487,51.511811,-0.025626
"Reardon Street, Wapping",488,51.506946,-0.058681
"Pennington Street, Wapping",490,51.508622,-0.065006
"Queen Mary's, Mile End",491,51.522507,-0.041378
"Maplin Street, Mile End",492,51.525501,-0.032267
"South Quay East, Canary Wharf",494,51.50196,-0.016251
"Bow Church Station, Bow",495,51.528169,-0.018703
"Devons Road, Bow",496,51.52512,-0.015578
"Merchant Street, Bow",497,51.526578,-0.027581
"Bow Road Station, Bow",498,51.527058,-0.025296
"Furze Green, Bow",499,51.519265,-0.021345
"Ansell House, Stepney",500,51.520019,-0.05438
"Cephas Street, Bethnal Green",501,51.522561,-0.054883
"Bonner Gate, Victoria Park",502,51.53341,-0.049591
"Cleveland Way, Stepney",503,51.520893,-0.051394
"St. John's Park, Cubitt Town",504,51.496454,-0.009506
"Ackroyd Drive, Bow",505,51.520398,-0.026768
"Bell Lane, Liverpool Street",506,51.517475,-0.075855
"Clarkson Street, Bethnal Green",507,51.528692,-0.059091
"Fournier Street, Whitechapel",508,51.519362,-0.074431
"Fore Street, Guildhall",509,51.517842,-0.090075
"Westferry DLR, Limehouse",510,51.509303,-0.025996
"Sutton Street, Shadwell",511,51.511066,-0.053558
"Pritchard's Road, Bethnal Green",512,51.532091,-0.06142
"Watney Market, Stepney",513,51.514222,-0.055656
"Portman Square, Marylebone",514,51.516204,-0.155525
"Russell Gardens, Olympia",515,51.500088,-0.211316
"Chrisp Street Market, Poplar",516,51.5112,-0.014438
"Hurlingham Park, Parsons Green",774,51.470131,-0.20464
"Little Brook Green, Brook Green",775,51.496664,-0.223868
"Abyssinia Close, Clapham Junction",776,51.460333,-0.167029
"Limburg Road, Clapham Junction",777,51.461923,-0.165297
"Houndsditch, Aldgate",779,51.514449,-0.077178
"Imperial Wharf Station, Sands End",780,51.474665,-0.183165
"Victoria & Albert Museum, South Kensington",781,51.495898,-0.173009
"Halford Road, West Kensington",782,51.483911,-0.197609
"Monier Road, Hackney Wick",783,51.540311,-0.02163
"East Village, Queen Elizabeth Olympic Park",784,51.546326,-0.009935
"Aquatic Centre, Queen Elizabeth Olympic Park",785,51.54094,-0.01051
"Lee Valley VeloPark, Queen Elizabeth Olympic Park",786,51.549369,-0.015717
"Timber Lodge, Queen Elizabeth Olympic Park",787,51.546805,-0.014691
"Copper Box Arena, Queen Elizabeth Olympic Park",788,51.544909,-0.020542
"Podium, Queen Elizabeth Olympic Park",789,51.538718,-0.011889
"Stratford Station, Stratford",790,51.541793,-0.00481
"Blackfriars Road, Southwark",792,51.505461,-0.10454
"Cromer Street, Bloomsbury",793,51.528279,-0.119558
"Victoria Rise, Clapham Common",794,51.461376,-0.147804
"Euston Square Gardens, Euston",795,51.527068,-0.131861
"Coram Street, Bloomsbury",796,51.524,-0.126409
"Ossulston Street, Somers Town",797,51.5293,-0.128279
"Birkenhead Street, King's Cross",798,51.530199,-0.122299
"Kings Gate House, Westminster",799,51.497698,-0.137598
"Sopwith Way, Battersea Park",800,51.481121,-0.149035
"Lavington Street, Bankside",801,51.505224,-0.098031
"Albert Square, Stockwell",802,51.47659,-0.118256
"Southwark Street, Bankside",803,51.505409,-0.098341
"Good's Way, King's Cross",804,51.534667,-0.125078
"The Metropolitan, Portobello",805,51.520509,-0.200804
"Handyside Street, King's Cross",806,51.53724,-0.124807
"Bevington Road West, North Kensington",807,51.5212,-0.208888
"Gauden Road, Clapham",808,51.464995,-0.130908
"Lincoln's Inn Fields, Holborn",809,51.516277,-0.118272
"Tate Modern, Bankside",810,51.506725,-0.098807
"Westferry Circus, Canary Wharf",811,51.505703,-0.027772
"Here East North, Queen Elizabeth Olympic Park",812,51.548731,-0.022606
"New Spring Gardens Walk, Vauxhall",813,51.487807,-0.122759
"Clapham Road, Lingham Street, Stockwell",814,51.471433,-0.12367
"Lambeth Palace Road, Waterloo",815,51.500089,-0.116628
"Here East South, Queen Elizabeth Olympic Park",816,51.546532,-0.020597
"Riverlight South, Nine Elms",817,51.481335,-0.138212
"Westminster Pier, Westminster",818,51.501513,-0.123823
"Belvedere Road 2, South Bank",819,51.50621,-0.114842
"Victory Place, Walworth",820,51.492807,-0.091938
"Battersea Power Station, Battersea Park",821,51.483507,-0.147714
"Allington Street, Victoria",826,51.496863,-0.142943
"Cranmer Road, Stockwell",827,51.479601,-0.111471
"Normandy Road, Stockwell",828,51.473874,-0.11258
"Wynne Road, Stockwell",829,51.469217,-0.112686
"Sidney Road, Stockwell",830,51.469202,-0.119022
"St John's Crescent, Brixton",831,51.466232,-0.113179
"Ferndale Road, Brixton",832,51.464019,-0.115781
"Saltoun Road, Brixton",833,51.460232,-0.115375
"Gas Holders, Battersea Park",834,51.477966,-0.147857
"Farringdon Street, Holborn",835,51.516785,-0.104947
"York Way, Kings Cross",836,51.541596,-0.125441
"Fore Street Avenue, Guildhall",838,51.518093,-0.091401
"Sea Containers, South Bank",839,51.508033,-0.106823
"George Row, Bermondsey",840,51.498585,-0.068981
"Tower Wharf, Bermondsey",841,51.500845,-0.074704
"Temple Gardens, Temple",842,51.510981,-0.108322
"Canada Water Station, Rotherhithe",844,51.498439,-0.04915
"Bermondsey Station, Bermondsey",845,51.497995,-0.063471
"River Street , Clerkenwell",1,51.529163,-0.10997
"Phillimore Gardens, Kensington",2,51.499606,-0.197574
"Christopher Street, Liverpool Street",3,51.521283,-0.084605
"St. Chad's Street, King's Cross",4,51.530059,-0.120973
"Sedding Street, Sloane Square",5,51.49313,-0.156876
"Broadcasting House, Marylebone",6,51.518117,-0.144228
"Charlbert Street, St. John's Wood",7,51.5343,-0.168074
"Maida Vale, Maida Vale",8,51.529857,-0.183486
"New Globe Walk, Bankside",9,51.507385,-0.09644
"Park Street, Bankside",10,51.505974,-0.092754
"Brunswick Square, Bloomsbury",11,51.523951,-0.122502
"Malet Street, Bloomsbury",12,51.52168,-0.130431
"Scala Street, Fitzrovia",13,51.519914,-0.136039
"Belgrove Street , King's Cross",14,51.529943,-0.123616
"Great Russell Street, Bloomsbury",15,51.517727,-0.127854
"Cartwright Gardens , Bloomsbury",16,51.526357,-0.125979
"Hatton Wall, Holborn",17,51.521661,-0.109006
"Drury Lane, Covent Garden",18,51.51477,-0.122219
"Taviton Street, Bloomsbury",19,51.52505,-0.131161
"Drummond Street , Euston",20,51.527326,-0.136052
"Lansdowne Drive, Hackney Central",21,51.539834,-0.062806
"Northington Street , Holborn",22,51.522264,-0.114079
"Red Lion Square, Holborn",23,51.519435,-0.119123
"British Museum, Bloomsbury",24,51.51908,-0.124678
"Doric Way , Somers Town",25,51.528833,-0.13225
"Ampton Street , Clerkenwell",26,51.52728,-0.118295
"Bouverie Street, Temple",27,51.513821,-0.107927
"Bolsover Street, Fitzrovia",28,51.523518,-0.143613
"Hereford Road, Bayswater",29,51.513735,-0.193487
"Windsor Terrace, Hoxton",30,51.529154,-0.093421
"Fanshaw Street, Hoxton",31,51.529537,-0.083353
"Leonard Circus , Shoreditch",32,51.524696,-0.084439
"Pancras Road, King's Cross",34,51.534123,-0.129386
"De Vere Gardens, Kensington",36,51.501737,-0.18498
"Penywern Road, Earl's Court",37,51.491593,-0.192369
"Abingdon Villas, Kensington",38,51.497387,-0.197245
"Shoreditch High Street, Shoreditch",39,51.526377,-0.07813
"Commercial Street, Shoreditch",40,51.52127,-0.075578
"Pindar Street, Liverpool Street",41,51.520955,-0.083493
"Wenlock Road , Hoxton",42,51.530991,-0.093903
"Crawford Street, Marylebone",43,51.52026,-0.157183
"Bruton Street, Mayfair",44,51.510736,-0.144165
"Boston Place, Marylebone",45,51.522511,-0.162298
"Nesham Street, Wapping",46,51.507131,-0.06691
"Warwick Avenue Station, Maida Vale",47,51.523344,-0.183846
"Godliman Street, St. Paul's",48,51.512484,-0.099141
"Curzon Street, Mayfair",49,51.507069,-0.145904
"East Road, Hoxton",50,51.528673,-0.087459
"Finsbury Library , Finsbury",51,51.526717,-0.104298
"Roscoe Street, St. Luke's",52,51.522954,-0.094934
"Grafton Street, Mayfair",53,51.509992,-0.143495
"Golden Lane, Barbican",54,51.521747,-0.094475
"Finsbury Circus, Liverpool Street",55,51.517075,-0.086685
"Paddington Street, Marylebone",56,51.520583,-0.154701
"Guilford Street , Bloomsbury",57,51.523346,-0.120202
"New Inn Yard, Shoreditch",58,51.524526,-0.079248
"Lisson Grove, St. John's Wood",60,51.526448,-0.17219
"Great Dover Street, The Borough",61,51.497382,-0.089446
"Cotton Garden Estate, Kennington",62,51.490757,-0.106323
"Murray Grove , Hoxton",63,51.53089,-0.089782
"William IV Street, Strand",64,51.509462,-0.124749
"Gower Place , Euston",65,51.525227,-0.135188
"Holborn Circus, Holborn",66,51.51795,-0.108657
"Hatton Garden, Holborn",67,51.518825,-0.108028
"Theobald's Road , Holborn",68,51.520596,-0.116688
"Euston Road, Euston",69,51.526236,-0.134407
"Calshot Street , King's Cross",70,51.53136,-0.117069
"Newgate Street , St. Paul's",71,51.515418,-0.09885
"Farringdon Lane, Clerkenwell",72,51.52352,-0.10834
"Old Street Station, St. Luke's",73,51.52548,-0.089659
"Vauxhall Cross, Vauxhall",74,51.485917,-0.124469
"Torrens Street, Angel",75,51.532199,-0.10548
"Longford Street, The Regent's Park",76,51.525595,-0.144083
"Russell Square Station, Bloomsbury",77,51.523418,-0.124121
"Sadlers Sports Centre, Finsbury",78,51.524868,-0.099489
"Webber Street , Southwark",80,51.500693,-0.102091
"Great Titchfield Street, Fitzrovia",81,51.520253,-0.141327
"Chancery Lane, Holborn",82,51.514274,-0.111257
"Panton Street, West End",83,51.509639,-0.13151
"Breams Buildings, Holborn",84,51.515937,-0.111778
"Pembridge Villas, Notting Hill",337,51.511084,-0.197524
"Wellington Street , Strand",338,51.511756,-0.119643
"Risinghill Street, Angel",339,51.533319,-0.111781
"Bank of England Museum, Bank",340,51.514441,-0.087587
"Craven Street, Strand",341,51.508103,-0.126021
"London Zoo Car Park, The Regent's Park",343,51.536922,-0.150181
"Goswell Road (City Uni), Finsbury",344,51.528246,-0.101026
"Flood Street, Chelsea",345,51.488023,-0.166878
"Lower Marsh, Waterloo",347,51.500139,-0.113936
"Grosvenor Square, Mayfair",348,51.51217,-0.150481
"St. George Street, Mayfair",349,51.51196,-0.142783
"Queen's Gate, Kensington Gardens",350,51.501715,-0.179854
"Macclesfield Rd, St Lukes",351,51.529423,-0.097122
"Vauxhall Street, Vauxhall",352,51.486965,-0.116625
"Greycoat Street , Westminster",353,51.494591,-0.134234
"Northumberland Avenue, Strand",354,51.506767,-0.123702
"Clapham Common Station, Clapham Common",355,51.461388,-0.139221
"South Kensington Station, South Kensington",356,51.494412,-0.173881
"Howland Street, Fitzrovia",357,51.520994,-0.139016
"High Holborn , Covent Garden",358,51.516226,-0.124826
"Butler Place, Westminster",359,51.497829,-0.13544
"Howick Place, Westminster",360,51.496753,-0.138733
"Waterloo Station 2, Waterloo",361,51.503919,-0.113426
"Royal College Street, Camden Town",362,51.536264,-0.133952
"Store Street, Bloomsbury",364,51.519572,-0.13214
"City Road, Angel",365,51.530344,-0.100168
"Millennium Hotel, Mayfair",366,51.510919,-0.151126
"Harrowby Street, Marylebone",367,51.517372,-0.164207
"Harriet Street, Knightsbridge",368,51.500241,-0.15934
"Paddington Green, Paddington",370,51.520205,-0.174593
"King Edward Walk, Waterloo",371,51.49775,-0.10988
"Sardinia Street, Holborn",372,51.515208,-0.117863
"Prince Consort Road, Knightsbridge",373,51.499806,-0.176415
"Waterloo Station 1, Waterloo",374,51.504027,-0.113864
"Kensington Town Hall, Kensington",375,51.501945,-0.194392
"Millbank Tower, Pimlico",376,51.491884,-0.125674
"Waterloo Bridge, South Bank",377,51.505354,-0.113656
"Natural History Museum, South Kensington",378,51.495592,-0.179077
"Turquoise Island, Notting Hill",379,51.514311,-0.200838
"Stanhope Gate, Mayfair",380,51.506864,-0.150666
"Charlotte Street, Fitzrovia",381,51.51953,-0.135777
"Farm Street, Mayfair",382,51.509351,-0.147449
"Frith Street, Soho",383,51.513103,-0.131213
"Marloes Road, Kensington",384,51.496481,-0.192404
"Moor Street, Soho",386,51.513527,-0.13011
"Fire Brigade Pier, Vauxhall",387,51.493699,-0.121394
"Southampton Street, Strand",388,51.510701,-0.121723
"Upper Grosvenor Street, Mayfair",389,51.51013,-0.155757
"Buxton Street 1, Shoreditch",390,51.521776,-0.068856
"Clifford Street, Mayfair",391,51.510662,-0.142345
"Imperial College, Knightsbridge",392,51.499428,-0.179702
"Snow Hill, Farringdon",393,51.517334,-0.103604
"Aberdeen Place, St. John's Wood",394,51.524826,-0.176268
"Cadogan Gardens, Chelsea",395,51.492462,-0.159919
"Shouldham Street, Marylebone",396,51.51809,-0.163609
"Devonshire Terrace, Bayswater",397,51.51348,-0.17977
"Holland Park, Kensington",398,51.502319,-0.200742
"Brick Lane Market, Shoreditch",399,51.522617,-0.071653
"George Street, Marylebone",400,51.517703,-0.154106
"Columbia Road, Shoreditch",401,51.528187,-0.075375
"Penfold Street, Marylebone",402,51.522892,-0.171681
"George Place Mews, Marylebone",403,51.516892,-0.158249
"Palace Gate, Kensington Gardens",404,51.502042,-0.1844
"Gloucester Road Station, South Kensington",405,51.494185,-0.18267
"Sun Street, Liverpool Street",408,51.520009,-0.083935
"Strata, Elephant & Castle",409,51.493146,-0.099828
"Edgware Road Station, Marylebone",410,51.519968,-0.169774
"Rotherhithe Roundabout, Rotherhithe",411,51.499169,-0.055846
"Cleaver Street, Kennington",412,51.488105,-0.110121
"Chelsea Bridge, Pimlico",419,51.485821,-0.149004
"Southwark Station 1, Southwark",420,51.504043,-0.105312
"Southwark Station 2, Southwark",421,51.504044,-0.104778
"Eaton Square (South), Belgravia",423,51.494561,-0.153933
"Ebury Bridge, Pimlico",424,51.490491,-0.149186
"Vincent Street, Pimlico",426,51.493072,-0.129925
"Cheapside, Bank",427,51.51397,-0.09294
"Exhibition Road, Knightsbridge",428,51.499917,-0.174554
"South Parade, Chelsea",430,51.48902,-0.17524
"Crinan Street, King's Cross",431,51.534474,-0.122203
"Erin Close, Walham Green",691,51.479463,-0.195777
"Cadogan Close, Victoria Park",692,51.542118,-0.028941
"Felsham Road, Putney",693,51.464786,-0.215618
"Putney Rail Station, Putney",694,51.460717,-0.216526
"Islington Green, Angel",695,51.536384,-0.102757
"Charing Cross Hospital, Hammersmith",696,51.487285,-0.217995
"Charlotte Terrace, Angel",697,51.536392,-0.112721
"Shoreditch Court, Haggerston",698,51.539083,-0.070329
"Belford House, Haggerston",699,51.536654,-0.07023
"Battersea Church Road, Battersea",700,51.476964,-0.174347
"Vicarage Crescent, Battersea",701,51.472876,-0.176267
"Durant Street, Bethnal Green",702,51.528681,-0.06555
"St. Bride Street, Holborn",703,51.515059,-0.105344
"Mexfield Road, East Putney",704,51.45682,-0.202802
"Upper Richmond Road, Putney",705,51.459715,-0.212145
"Snowsfields, London Bridge",706,51.502153,-0.083632
"Barons Court Station, West Kensington",707,51.490217,-0.215087
"Disraeli Road, Putney",708,51.46161,-0.216145
"Montserrat Road , Putney",709,51.463211,-0.21555
"Albert Bridge Road, Battersea Park",710,51.474392,-0.163347
"Everington Street, Fulham",711,51.483356,-0.216305
"Mile End Stadium, Mile End",712,51.518541,-0.034903
"Hawley Crescent, Camden Town",713,51.541007,-0.14326
"Stewart's Road, Wandsworth Road",714,51.473116,-0.137235
"Aylward Street, Stepney",715,51.51563,-0.049067
"Stainsby Road , Poplar",716,51.515427,-0.023565
"Dunston Road , Haggerston",717,51.536585,-0.075885
"Ada Street, Hackney Central",718,51.535716,-0.060291
"Victoria Park Road, Hackney Central",719,51.536424,-0.054162
"Star Road, West Kensington",720,51.487244,-0.205279
"Wendon Street, Old Ford",721,51.536039,-0.026262
"Finnis Street, Bethnal Green",722,51.524583,-0.058631
"Stephendale Road, Sands End",723,51.46822,-0.190346
"Alma Road, Wandsworth",724,51.457991,-0.184806
"Walworth Square, Walworth",725,51.491327,-0.096518
"Alfreda Street, Battersea Park",726,51.47505,-0.150908
"Chesilton Road, Fulham",727,51.475698,-0.205876
"Putney Bridge Road, East Putney",728,51.461999,-0.20624
"St. Peter's Terrace, Fulham",729,51.478939,-0.208485
"Bridge Avenue, Hammersmith",730,51.492084,-0.229116
"Duke Street Hill, London Bridge",732,51.506304,-0.087262
"Park Lane, Mayfair",733,51.505426,-0.150817
"Plough Terrace, Clapham Junction",734,51.462305,-0.175407
"Grant Road East, Clapham Junction",735,51.464894,-0.173029
"Queensdale Road, Shepherd's Bush",736,51.50659,-0.216104
"Fulham Broadway, Walham Green",737,51.479932,-0.194116
"Imperial Road, Sands End",738,51.475142,-0.187278
"Hortensia Road, West Brompton",739,51.481765,-0.185273
"Sirdar Road, Avondale",740,51.510928,-0.214594
"Freston Road, Avondale",741,51.512981,-0.219486
"Blenheim Crescent, Ladbroke Grove",742,51.515108,-0.208565
"Oxford Road, Putney",743,51.460792,-0.212607
"Ingrave Street, Clapham Junction",744,51.467454,-0.172293
"Upcerne Road, West Chelsea",745,51.478169,-0.182435
"Lots Road, West Chelsea",746,51.479573,-0.179038
"Ormonde Gate, Chelsea",747,51.487964,-0.161765
"Hertford Road, De Beauvoir Town",748,51.537277,-0.079201
"Haggerston Road, Haggerston",749,51.539328,-0.074284
"Culvert Road, Battersea",750,51.471095,-0.15785
"Newton Street, Covent Garden",751,51.516128,-0.120909
"London Street, Paddington",752,51.515117,-0.173712
"Grenfell Road, Avondale",754,51.5129,-0.214762
"The Vale, Chelsea",755,51.485121,-0.174971
"Prince of Wales Drive, Battersea Park",756,51.475153,-0.159169
"Harcourt Terrace, West Brompton",757,51.487958,-0.187404
"Westbourne Park Road, Portobello",758,51.51787,-0.201005
"Broadley Terrace, Marylebone",759,51.524561,-0.165668
"Humbolt Road, Fulham",761,51.483217,-0.21186
"Storey's Gate, Westminster",762,51.500703,-0.129698
"Mile End Park Leisure Centre, Mile End",763,51.520597,-0.032566
"St. John's Road, Clapham Junction",764,51.462392,-0.168292
"Ranelagh Gardens, Fulham",765,51.467601,-0.206827
"Ram Street, Wandsworth",766,51.457529,-0.192165
"Santos Road, Wandsworth",767,51.457059,-0.200806
"Clapham Common North Side, Clapham Common",768,51.461343,-0.159322
"Sandilands Road, Walham Green",769,51.473611,-0.191803
"Gwendwr Road, West Kensington",770,51.491026,-0.209121
"Rifle Place, Avondale",771,51.509224,-0.216016
"Binfield Road, Stockwell",772,51.472509,-0.122831
"Tallis Street, Temple",773,51.511891,-0.107349
"Argyll Road, Kensington",168,51.500401,-0.195455
"Porchester Place, Paddington",169,51.514746,-0.165164
"Hardwick Street, Clerkenwell",170,51.527842,-0.108068
"Collingham Gardens, Earl's Court",171,51.491615,-0.186753
"Sumner Place, South Kensington",172,51.491211,-0.173715
"Waterloo Road, South Bank",173,51.50486,-0.113001
"Strand, Strand",174,51.512582,-0.115057
"Worship Street, Shoreditch",175,51.521668,-0.079608
"Gloucester Terrace, Bayswater",176,51.517919,-0.188098
"Ashley Place, Victoria",177,51.49616,-0.140947
"Warwick Square, Pimlico",178,51.489856,-0.141923
"North Audley Street, Mayfair",180,51.512911,-0.153645
"Belgrave Square, Belgravia",181,51.499412,-0.152317
"Bell Street , Marylebone",182,51.522029,-0.165842
"Riverlight North, Nine Elms",183,51.482362,-0.136123
"Portland Place, Marylebone",184,51.520715,-0.145211
"Alderney Street, Pimlico",185,51.488057,-0.140741
"South Wharf Road, Paddington",186,51.517335,-0.17581
"Queen's Gate (South), South Kensington",187,51.492479,-0.178433
"Nutford Place, Marylebone",188,51.516517,-0.164393
"Claremont Square, Angel",189,51.531666,-0.109914
"Rampayne Street, Pimlico",190,51.489975,-0.132845
"Hyde Park Corner, Hyde Park",191,51.503117,-0.15352
"Wardour Street, Soho",192,51.512515,-0.133201
"Bankside Mix, Bankside",193,51.505817,-0.100186
"Hop Exchange, The Borough",194,51.504627,-0.091773
"Milroy Walk, South Bank",195,51.507244,-0.106237
"Union Street, The Borough",196,51.503688,-0.098497
"Stamford Street, South Bank",197,51.505569,-0.111606
"Great Tower Street, Monument",199,51.510484,-0.082989
"LMU Commercial Road, Whitechapel",200,51.514924,-0.066078
"Dorset Square, Marylebone",201,51.522596,-0.161113
"Leman Street, Aldgate",202,51.512363,-0.069542
"West Smithfield Rotunda, Farringdon",203,51.518218,-0.100791
"Margery Street, Clerkenwell",204,51.526599,-0.112432
"New Road 1 , Whitechapel",206,51.518154,-0.062697
"Grosvenor Crescent, Belgravia",207,51.501352,-0.153194
"Mallory Street, Marylebone",208,51.525051,-0.166304
"Denyer Street, Knightsbridge",209,51.493583,-0.165101
"Hinde Street, Marylebone",210,51.516814,-0.151926
"Cadogan Place, Knightsbridge",211,51.494645,-0.158105
"Campden Hill Road, Notting Hill",212,51.506584,-0.199004
"Wellington Arch, Hyde Park",213,51.50274,-0.149569
"Endsleigh Gardens, Euston",214,51.526838,-0.130504
"Moorfields, Moorgate",215,51.519069,-0.088285
"Old Brompton Road, South Kensington",216,51.490945,-0.18119
"Wormwood Street, Liverpool Street",217,51.516154,-0.082422
"St. Luke's Church, Chelsea",218,51.489716,-0.170194
"Bramham Gardens, Earl's Court",219,51.490163,-0.190393
"Horseferry Road, Westminster",221,51.494816,-0.130458
"Knightsbridge, Hyde Park",222,51.502757,-0.155349
"Rodney Road , Walworth",223,51.491484,-0.09022
"Queensway, Kensington Gardens",224,51.51031,-0.187402
"Notting Hill Gate Station, Notting Hill",225,51.509353,-0.196422
"Charles II Street, West End",226,51.508446,-0.131961
"Great Percy Street, Clerkenwell",227,51.528915,-0.11548
"St. James's Square, St. James's",228,51.507424,-0.134621
"Whitehall Place, Strand",229,51.506543,-0.123179
"Poured Lines, Bankside",230,51.506692,-0.103137
"Queen's Gate (Central), South Kensington",231,51.493967,-0.178732
"Carey Street, Holborn",232,51.51501,-0.112753
"Pall Mall East, West End",233,51.50777,-0.130699
"Liverpool Road (N1 Centre), Angel",234,51.534504,-0.106992
"Kennington Road  , Vauxhall",235,51.495718,-0.110889
"Fashion Street, Whitechapel",236,51.51838,-0.073438
"Dock Street, Wapping",237,51.509786,-0.068161
"Frampton Street, Paddington",238,51.523353,-0.175116
"Warren Street Station, Euston",239,51.524438,-0.138019
"Beaumont Street, Marylebone",242,51.522008,-0.151359
"Gloucester Street, Pimlico",243,51.490962,-0.139625
"Earnshaw Street , Covent Garden",244,51.516118,-0.128585
"Grosvenor Road, Pimlico",245,51.485357,-0.142207
"Berry Street, Clerkenwell",246,51.522853,-0.099994
"St. John's Wood Church, The Regent's Park",247,51.530529,-0.167515
"Triangle Car Park, Hyde Park",248,51.506451,-0.170279
"Harper Road, The Borough",249,51.498597,-0.096191
"Royal Avenue 1, Chelsea",250,51.489932,-0.162727
"Brushfield Street, Liverpool Street",251,51.518908,-0.079249
"Jubilee Gardens, South Bank",252,51.504636,-0.116542
"Shoreditch Park, Hoxton",253,51.534042,-0.086379
"Ford Road, Old Ford",517,51.532513,-0.033085
"Antill Road, Mile End",518,51.528224,-0.037471
"Teviot Street, Poplar",519,51.518811,-0.011662
"Bancroft Road, Bethnal Green",520,51.526041,-0.047218
"Driffield Road, Old Ford",521,51.534137,-0.037366
"Clinton Road, Mile End",522,51.525941,-0.036017
"Langdon Park, Poplar",523,51.51549,-0.013475
"Lancaster Gate , Bayswater",524,51.511654,-0.179668
"Blythe Road, Olympia",525,51.496927,-0.2135
"Lancaster Drive, Blackwall",526,51.503143,-0.008428
"Hansard Mews, Holland Park",527,51.503802,-0.215808
"Clarges Street, Mayfair",528,51.507326,-0.145827
"Manresa Road, Chelsea",529,51.486892,-0.170983
"Newby Place, Poplar",530,51.508896,-0.012413
"Twig Folly Bridge, Mile End",531,51.530326,-0.042744
"Jubilee Plaza, Canary Wharf",532,51.50357,-0.020068
"Wellington Row, Bethnal Green",533,51.528222,-0.069743
"Goldsmith's Row, Haggerston",534,51.531864,-0.066035
"Gloucester Avenue, Camden Town",535,51.537349,-0.147154
"Queensbridge Road, Haggerston",536,51.53385,-0.06992
"Old Montague Street, Whitechapel",537,51.51793,-0.067937
"Naval Row, Blackwall",538,51.508981,-0.00699
"Hoxton Station, Hoxton",539,51.531091,-0.075901
"Albany Street, The Regent's Park",540,51.528302,-0.144466
"Green Park Station, Mayfair",541,51.506613,-0.142844
"Salmon Lane, Limehouse",542,51.514115,-0.033828
"Lansdowne Walk, Ladbroke Grove",543,51.509591,-0.204666
"Percival Street, Finsbury",544,51.526153,-0.102208
"Arlington Road, Camden Town",545,51.539957,-0.145246
"New Fetter Lane, Holborn",546,51.517428,-0.107987
"East India DLR, Blackwall",547,51.509474,-0.002275
"Westminster Bridge Road, Elephant & Castle",548,51.498386,-0.107913
"Gaywood  Street, Elephant & Castle",549,51.49605,-0.104193
"Harford Street, Mile End",550,51.521564,-0.039264
"Import Dock, Canary Wharf",551,51.505772,-0.01646
"Watney Street, Shadwell",552,51.511542,-0.056667
"Regent's Row , Haggerston",553,51.535678,-0.062546
"Aberfeldy Street, Poplar",554,51.513548,-0.005659
"Heron Quays DLR, Canary Wharf",556,51.502661,-0.021596
"King Edward Street, St Pauls",557,51.51601,-0.0985
"Page Street, Westminster",558,51.493978,-0.127554
"Abbotsbury Road, Holland Park",559,51.501391,-0.205991
"Ladbroke Grove Central, Ladbroke Grove",560,51.511624,-0.205921
"Rectory Square, Stepney",561,51.518369,-0.043371
"Bury Place, Holborn",562,51.51746,-0.12335
"Preston's Road, Cubitt Town",563,51.499286,-0.009152
"Somerset House, Strand",564,51.509943,-0.117619
"Selby Street, Whitechapel",565,51.521905,-0.063386
"Westfield Ariel Way, White City",566,51.509158,-0.224103
"Bishop's Bridge Road West, Bayswater",568,51.51616,-0.18697
"Pitfield Street Central, Hoxton",569,51.53213,-0.08299
"Upper Bank Street, Canary Wharf",570,51.503083,-0.017676
"Westfield Southern Terrace ,Shepherd's Bush",571,51.506256,-0.218337
"Greenland Road, Camden Town",572,51.539099,-0.141728
"Limerston Street, West Chelsea",573,51.485587,-0.18119
"Eagle Wharf Road, Hoxton",574,51.53356,-0.09315
"Alpha Grove, Millwall",576,51.497304,-0.022793
"Globe Town Market, Bethnal Green",577,51.528869,-0.047548
"Hollybush Gardens, Bethnal Green",578,51.527607,-0.057133
"Queen Street 2, Bank",579,51.511246,-0.093051
"Doddington Grove, Kennington",580,51.486929,-0.102996
"New Cavendish Street, Marylebone",581,51.519167,-0.147983
"Abingdon Green, Westminster",583,51.49764,-0.125972
"Ilchester Gardens, Bayswater",584,51.51244,-0.19096
"Mudchute DLR, Cubitt Town",586,51.490645,-0.014582
"Monument Street, Monument",587,51.50964,-0.08497
"Hoxton Street, Hoxton",588,51.52959,-0.0801
"Drayton Gardens, West Chelsea",589,51.487196,-0.179369
"Greenberry Street, St.John's Wood",590,51.53256,-0.16862
"Bishop's Bridge Road East, Bayswater",592,51.5171,-0.18377
"Northdown Street, King's Cross",593,51.531066,-0.11934
"Kingsway Southbound, Strand",594,51.513875,-0.117774
"Hammersmith Road, Hammersmith",595,51.493267,-0.21985
"Parson's Green , Parson's Green",596,51.472817,-0.199783
"Fulham Park Road, Fulham",597,51.473471,-0.20782
"Southerton Road, Hammersmith",598,51.494499,-0.228188
"Manbre Road, Hammersmith",599,51.485743,-0.223616
"South Lambeth Road, Vauxhall",600,51.481747,-0.124642
"BBC White City, White City",601,51.514767,-0.225787
"Union Grove, Wandsworth Road",602,51.472993,-0.133972
"Caldwell Street, Stockwell",603,51.477839,-0.116493
"St Martins Close, Camden Town",604,51.538792,-0.138535
"Seymour Place, Marylebone",605,51.520331,-0.163667
"Addison Road, Holland Park",606,51.504199,-0.210941
"Putney Bridge Station, Fulham",607,51.468814,-0.210279
"Colet Gardens, Hammersmith",608,51.491093,-0.216493
"Chadwell Street, Angel",254,51.530515,-0.106408
"Clifton Road, Maida Vale",255,51.525575,-0.179592
"Houghton Street, Strand",256,51.51362,-0.116764
"Westminster University, Marylebone",257,51.522481,-0.154907
"Kensington Gore, Knightsbridge",258,51.501432,-0.178656
"Bourne Street, Belgravia",259,51.490959,-0.153233
"Broadwick Street, Soho",260,51.513684,-0.13558
"Princes Square, Bayswater",261,51.513489,-0.191351
"LSBU (Borough Road), Elephant & Castle",262,51.498744,-0.103132
"St. Mary Axe, Aldgate",263,51.514225,-0.08066
"Tysoe Street, Clerkenwell",264,51.526443,-0.109256
"Southwick Street, Paddington",265,51.515953,-0.169249
"Queen's Gate (North), Kensington",266,51.501026,-0.180246
"Regency Street, Westminster",267,51.49206,-0.132224
"Belgrave Road, Victoria",268,51.493204,-0.144132
"Empire Square, The Borough",269,51.500823,-0.08974
"Kennington Lane Rail Bridge, Vauxhall",270,51.486343,-0.122492
"London Zoo,  The Regent's Park",271,51.535836,-0.156285
"Baylis Road, Waterloo",272,51.501444,-0.110699
"Belvedere Road 1, South Bank",273,51.506133,-0.114686
"Warwick Road, Olympia",274,51.496712,-0.205284
"Barbican Centre, Barbican",275,51.520044,-0.092176
"Lower Thames Street, Monument",276,51.509301,-0.084985
"Kensington Church Street, Kensington",277,51.503157,-0.191496
"Tooley Street, Bermondsey",278,51.503493,-0.07962
"North Wharf Road, Paddington",279,51.518622,-0.176645
"Royal Avenue 2, Chelsea",280,51.490083,-0.162418
"Smith Square, Westminster",281,51.495805,-0.127575
"Royal London Hospital, Whitechapel",282,51.518675,-0.06111
"Kingsway, Covent Garden",283,51.514409,-0.118478
"Lambeth North Station, Waterloo",284,51.49914,-0.112031
"St. John's Wood Road, St. John's Wood",286,51.527294,-0.174653
"Bedford Way, Bloomsbury",287,51.523673,-0.128377
"Elizabeth Bridge, Victoria",288,51.492369,-0.147478
"St Mary's Hospital, Paddington",290,51.518268,-0.171103
"Claverton Street, Pimlico",291,51.484839,-0.138089
"Montpelier Street, Knightsbridge",292,51.498884,-0.165471
"Kensington Olympia Station, Olympia",293,51.498157,-0.209494
"St. George's Square, Pimlico",294,51.488226,-0.135635
"Swan Street, The Borough",295,51.500296,-0.092762
"Knaresborough Place, Earl's Court",296,51.493631,-0.190603
"Geraldine Street, Elephant & Castle",297,51.496127,-0.106
"Curlew Street, Shad Thames",298,51.502279,-0.074189
"Vincent Square, Westminster",299,51.493985,-0.136928
"Serpentine Car Park, Hyde Park",300,51.505014,-0.17306
"Marylebone Lane, Marylebone",301,51.514759,-0.148105
"Putney Pier, Wandsworth",302,51.466907,-0.216573
"Albert Gate, Hyde Park",303,51.502953,-0.158456
"Rathbone Street, Fitzrovia",306,51.518162,-0.135025
"Black Lion Gate, Kensington Gardens",307,51.509908,-0.187842
"Long Lane , Bermondsey",308,51.499075,-0.085666
"Embankment (Savoy), Strand",309,51.509631,-0.119047
"Foley Street, Fitzrovia",311,51.519181,-0.140485
"Grove End Road, St. John's Wood",312,51.530889,-0.17677
"Wells Street, Fitzrovia",313,51.517344,-0.138072
"Tyers Gate, Bermondsey",314,51.500889,-0.083159
"The Tennis Courts, The Regent's Park",315,51.525367,-0.153463
"Warwick Row, Westminster",316,51.497998,-0.14296
"Dickens Square, Borough",317,51.496791,-0.093913
"Sackville Street, Mayfair",318,51.510048,-0.138846
"Baldwin Street, St. Luke's",319,51.527025,-0.088542
"Queen Mother Sports Centre, Victoria",320,51.493573,-0.139956
"Bermondsey Street, Bermondsey",321,51.497855,-0.081608
"Palissy Street, Shoreditch",322,51.526293,-0.073955
"Clifton Street, Shoreditch",323,51.523196,-0.083067
"Ontario Street, Elephant & Castle",324,51.49652,-0.101384
"St. Martin's Street, West End",325,51.509087,-0.129697
"Graham Street, Angel",326,51.532661,-0.099981
"New North Road 1, Hoxton",327,51.53095,-0.085603
"New North Road 2, Hoxton",328,51.53114,-0.086016
"Prince Albert Road, The Regent's Park",329,51.535892,-0.160854
"Eastbourne Mews, Paddington",330,51.516417,-0.179135
"Bunhill Row, Moorgate",331,51.520858,-0.089887
"Nevern Place, Earl's Court",332,51.493343,-0.194757
"Palace Gardens Terrace, Notting Hill",333,51.508605,-0.193764
"Concert Hall Approach 1, South Bank",334,51.505044,-0.115851
"Tavistock Street, Covent Garden",335,51.511968,-0.120718
"Concert Hall Approach 2, South Bank",336,51.504942,-0.115533
"Sugden Road, Clapham",609,51.465123,-0.157788
"Danvers Street, West Chelsea",610,51.482567,-0.172078
"Princedale Road , Holland Park",611,51.506465,-0.208486
"Wandsworth Rd, Isley Court, Wandsworth Road",612,51.469259,-0.141812
"Woodstock Grove, Shepherd's Bush",613,51.504038,-0.2174
"London Fields, Hackney Central",614,51.54119,-0.058826
"Finlay Street, Fulham",615,51.476885,-0.215895
"Aintree Street, Fulham",616,51.481021,-0.209973
"Elysium Place, Fulham",617,51.471079,-0.207842
"Eel Brook Common, Walham Green",618,51.476259,-0.193254
"Irene Road, Parsons Green",619,51.473763,-0.19701
"Surrey Lane, Battersea",620,51.47518,-0.16716
"Wandsworth Town Station, Wandsworth",621,51.460864,-0.187427
"Lansdowne Road, Ladbroke Grove",622,51.507481,-0.205535
"Nantes Close, Wandsworth",623,51.46193,-0.180791
"Courland Grove, Wandsworth Road",624,51.472918,-0.132102
"Queen's Circus, Battersea Park",625,51.477619,-0.149551
"Normand Park, West Kensington",626,51.484386,-0.204815
"Holden Street, Battersea",627,51.46879,-0.15823
"William Morris Way, Sands End",628,51.468819,-0.184318
"Morie Street, Wandsworth",629,51.459953,-0.190184
"Clarence Walk, Stockwell",630,51.470732,-0.126994
"Battersea Park Road, Nine Elms",631,51.479501,-0.14177
"Sheepcote Lane, Battersea",632,51.470538,-0.163041
"Vereker Road, West Kensington",633,51.489591,-0.209378
"Brook Green South, Brook Green",634,51.494347,-0.215804
"Greyhound Road, Hammersmith",635,51.486062,-0.214428
"South Park, Sands End",636,51.467064,-0.193502
"Spencer Park, Wandsworth Common",637,51.45787,-0.174691
"Falcon Road, Clapham Junction",638,51.466633,-0.169821
"Coomer Place, West Kensington",639,51.48357,-0.202038
"Silverthorne Road, Battersea",640,51.472865,-0.148059
"Archbishop's Park, Waterloo",641,51.498241,-0.117495
"Fawcett Close, Battersea",642,51.469161,-0.174485
"All Saints' Road, Portobello",643,51.519042,-0.204764
"Rainville Road, Hammersmith",644,51.483732,-0.223852
"Great Suffolk Street, The Borough",645,51.501732,-0.100292
"Buckingham Gate, Westminster",646,51.498865,-0.137424
"Richmond Way, Shepherd's Bush",647,51.500353,-0.217515
"Peterborough Road, Sands End",648,51.46904,-0.196274
"World's End Place, West Chelsea",649,51.481805,-0.180274
"St. Mark's Road, North Kensington",650,51.51687,-0.213872
"Thorndike Close, West Chelsea",651,51.480898,-0.183853
"Evesham Street, Avondale",652,51.511486,-0.21819
"Simpson Street, Clapham Junction",653,51.470847,-0.170703
"Ashmole Estate, Oval",654,51.482678,-0.117661
"Crabtree Lane, Fulham",655,51.482944,-0.219346
"Broomhouse Lane, Parsons Green",656,51.468418,-0.199135
"Blythe Road West, Shepherd's Bush",657,51.49968,-0.221791
"Ethelburga Estate, Battersea Park",658,51.477292,-0.164786
"Blackfriars Station, St. Paul's",659,51.511934,-0.103078
"West Kensington Station, West Kensington",660,51.49087,-0.206029
"All Saints Church, Portobello",661,51.51632,-0.202608
"Phene Street, Chelsea",662,51.484984,-0.167919
"Clarendon Road, Avondale",663,51.51323,-0.211593
"Austin Road, Battersea Park",664,51.474376,-0.155442
"Smugglers Way, Wandsworth",665,51.461083,-0.191722
"Shepherd's Bush Road North, Shepherd's Bush",667,51.501594,-0.222293
"Ravenscourt Park Station, Hammersmith",668,51.494223,-0.236769
"Teversham Lane, Stockwell",669,51.476149,-0.123258
"Ashley Crescent, Battersea",670,51.467185,-0.152248
"Parsons Green Station, Parsons Green",671,51.475089,-0.201968
"Hibbert Street, Battersea",673,51.46517,-0.180389
"Carnegie Street, King's Cross",674,51.535467,-0.116191
"Usk Road, Clapham Junction",675,51.463489,-0.182126
"Hartington Road, Stockwell",676,51.47787,-0.126874
"Heath Road, Battersea",677,51.468669,-0.146544
"Esmond Street, Putney",678,51.462312,-0.211468
"Orbel Street, Battersea",679,51.474535,-0.17021
"Westbridge Road, Battersea",680,51.477684,-0.170329
"Bishop's Avenue, Fulham",681,51.473036,-0.214749
"Crisp Road, Hammersmith",682,51.488108,-0.226606
"Dorothy Road, Clapham Junction",683,51.465064,-0.16375
"Neville Gill Close, Wandsworth",684,51.454752,-0.195197
"Osiers Road, Wandsworth",685,51.46067,-0.198735
"Beryl Road, Hammersmith",686,51.488144,-0.222456
"Clements Road, Bermondsey",687,51.4954,-0.061698
"Northfields, Wandsworth",688,51.460951,-0.200667
"Spanish Road, Clapham Junction",689,51.459225,-0.180884
"Stanley Grove, Battersea",690,51.470475,-0.15213
"Eccleston Place, Victoria",167,51.49395,-0.147624
"Harris Academy, Bermondsey",666,51.492668,-0.07235
"South Audley Street, Mayfair",289,51.50923,-0.151296
"Bourne Street, Belgravia",137,51.490856,-0.153256
"Great Marlborough St, Soho",159,51.514667,-0.137694
"Chelsea Green, Chelsea",220,51.490714,-0.166221
"Colombo Street, Southwark",240,51.505342,-0.105596
"Cumberland Gate, Hyde Park",304,51.512151,-0.162146
"Kennington Lane Tesco, Vauxhall",305,51.486824,-0.115659
"Black Prince Road, Vauxhall",310,51.490994,-0.117122
"Central House, Whitechapel",33,51.515231,-0.070133
"Lord's, St. John's Wood",363,51.5289,-0.171592
"Speakers' Corner 1, Hyde Park",407,51.512301,-0.159925
"Speakers' Corner 2, Hyde Park",406,51.512232,-0.160529
"Harrington Square 2, Camden Town",425,51.533403,-0.139258
"Christian Street, Whitechapel",489,51.51295,-0.06415
"Westfield Eastern Access Road, Shepherd's Bush",555,51.509159,-0.219645
"Rodney Street, Angel",59,51.531825,-0.114333
"Westfield Library Corner, Shepherd's Bush",591,51.506093,-0.224303
"Grant Road Central, Clapham Junction",672,51.464655,-0.173719
"Grant Road West, Clapham Junction",1000,51.464416,-0.174521
"Michael Road, Walham Green",731,51.477292,-0.189155
"Hammersmith Town Hall, Hammersmith",753,51.492736,-0.234055
"Rossmore Road, Marylebone",760,51.525194,-0.164032
"Arundel Street",1002,51.51165,-0.113885
"Wansey Street, Walworth",79,51.491056,-0.097291
"Thornfield House, Poplar",567,51.509913,-0.023606
"Thessaly Road North, Nine Elms",1001,51.477273,-0.138781
"Exhibition Road Museums 1, South Kensington",432,51.496471,-0.173757
"Exhibition Road Museums 2, South Kensington",482,51.495948,-0.173693
