Name,geometry
"Tanner Street, Bermondsey",POINT (-0.0786 51.500647)
"Sancroft Street, Vauxhall",POINT (-0.115156 51.489479)
"Devonshire Square, Liverpool Street",POINT (-0.079684 51.516468)
"Bayley Street , Bloomsbury",POINT (-0.132053 51.518587)
"Tavistock Place, Bloomsbury",POINT (-0.123509 51.52625)
"Harrington Square 1, Camden Town",POINT (-0.139174 51.533019)
"Walnut Tree Walk, Vauxhall",POINT (-0.111014 51.493686)
"Borough Road, Elephant & Castle",POINT (-0.10044 51.498898)
"Cloudesley Road, Angel",POINT (-0.109025 51.534408)
"Bricklayers Arms, Borough",POINT (-0.085814 51.495061)
"Aldersgate Street, Barbican",POINT (-0.09734 51.520841)
"Falkirk Street, Hoxton",POINT (-0.078505 51.53095)
"Gloucester Road (North), Kensington",POINT (-0.183834 51.497924)
"Hampstead Road, Euston",POINT (-0.138231 51.525542)
"Old Quebec Street, Marylebone",POINT (-0.158264 51.514577)
"Albert Embankment, Vauxhall",POINT (-0.122806 51.490435)
"Queen Street 1, Bank",POINT (-0.09294 51.511553)
"Jewry Street, Aldgate",POINT (-0.076793 51.513406)
"Vicarage Gate, Kensington",POINT (-0.192538 51.504723)
"Crosswall, Tower",POINT (-0.077121 51.511594)
"Westbourne Grove, Bayswater",POINT (-0.19024 51.515529)
"Woodstock Street, Mayfair",POINT (-0.147301 51.514105)
"Finsbury Leisure Centre, St. Luke's",POINT (-0.096317 51.526008)
"Abbey Orchard Street, Westminster",POINT (-0.132102 51.498125)
"Soho Square , Soho",POINT (-0.132328 51.515631)
"Wellington Road, St. John's Wood",POINT (-0.172528 51.533043)
"Park Lane , Hyde Park",POINT (-0.157275 51.510017)
"Stonecutter Street, Holborn",POINT (-0.10527 51.515809)
"Gloucester Road (Central), South Kensington",POINT (-0.183289 51.496462)
"Park Road (Baker Street), The Regent's Park",POINT (-0.158963 51.524517)
"Braham Street, Aldgate",POINT (-0.073537 51.514233)
"Little Argyll Street, West End",POINT (-0.141423 51.514499)
"Lollard Street, Vauxhall",POINT (-0.114934 51.49288)
"Rochester Row, Westminster",POINT (-0.135478 51.495827)
"Bath Street, St. Luke's",POINT (-0.090847 51.525893)
"The Guildhall, Guildhall",POINT (-0.09308 51.515735)
"Baker Street, Marylebone",POINT (-0.156166 51.518913)
"Norton Folgate, Liverpool Street",POINT (-0.078869 51.521113)
"St. John Street, Finsbury",POINT (-0.104724 51.52836)
"Eaton Square, Belgravia",POINT (-0.150905 51.496544)
"Borough High Street, The Borough",POINT (-0.094524 51.500694)
"Museum of London, Barbican",POINT (-0.096496 51.517821)
"Wood Street, Guildhall",POINT (-0.093885 51.517008)
"Emperor's Gate, South Kensington",POINT (-0.185296 51.495362)
"Golden Square, Soho",POINT (-0.137043 51.511897)
"Tower Gardens , Tower",POINT (-0.075459 51.509506)
"Eversholt Street , Camden Town",POINT (-0.136792 51.533005)
"Bethnal Green Road, Shoreditch",POINT (-0.074754 51.523648)
"Derry Street, Kensington",POINT (-0.191462 51.501364)
"Wapping High Street, Wapping",POINT (-0.06797 51.504904)
"Clerkenwell Green, Clerkenwell",POINT (-0.104708 51.52326)
"Queen Victoria Street, St. Paul's",POINT (-0.097441 51.511961)
"Green Street, Mayfair",POINT (-0.157436 51.512276)
"Lambeth Road, Vauxhall",POINT (-0.117974 51.494881)
"Finsbury Square , Moorgate",POINT (-0.085634 51.520962)
"Chapel Place, Marylebone",POINT (-0.147203 51.515308)
"West Cromwell Road, Earl's Court",POINT (-0.198286 51.493724)
"Pont Street, Knightsbridge",POINT (-0.161203 51.496886)
"Kennington Cross, Kennington",POINT (-0.111435 51.48894)
"Ilchester Place, Kensington",POINT (-0.202759 51.500743)
"Vauxhall Bridge , Pimlico",POINT (-0.129361 51.488365)
"Portugal Street, Holborn",POINT (-0.116146 51.514943)
"Tachbrook Street, Victoria",POINT (-0.138364 51.492111)
"Kennington Road Post Office, Oval",POINT (-0.110683 51.484788)
"Holy Trinity Brompton, Knightsbridge",POINT (-0.168917 51.497056)
"Chepstow Villas, Notting Hill",POINT (-0.201554 51.512136)
"Hampton Street, Walworth",POINT (-0.101536 51.49217)
"Bayswater Road, Hyde Park",POINT (-0.174411 51.511933)
"Waterloo Station 3, Waterloo",POINT (-0.112824 51.503791)
"Lexham Gardens, Kensington",POINT (-0.191933 51.495866)
"New Kent Road, The Borough",POINT (-0.092921 51.494436)
"Wright's Lane, Kensington",POINT (-0.193068 51.500397)
"Trebovir Road, Earl's Court",POINT (-0.19617 51.490853)
"Waterloo Place, St. James's",POINT (-0.131773 51.506633)
"Guildhouse Street, Victoria",POINT (-0.141334 51.492345)
"Southampton Place, Holborn",POINT (-0.121328 51.517606)
"Sloane Avenue, Knightsbridge",POINT (-0.167894 51.493184)
"Cleveland Gardens, Bayswater",POINT (-0.183118 51.515607)
"Orsett Terrace, Bayswater",POINT (-0.183716 51.517932)
"Seville Street, Knightsbridge",POINT (-0.159237 51.501855)
"Wren Street, Holborn",POINT (-0.116279 51.524564)
"Kennington Station, Kennington",POINT (-0.105593 51.488852)
"Red Lion Street, Holborn",POINT (-0.11655 51.51824)
"Vauxhall Walk, Vauxhall",POINT (-0.120903 51.488124)
"Killick Street, King's Cross",POINT (-0.118677 51.5338)
"Kennington Oval, Oval",POINT (-0.113134 51.483145)
"Sail Street, Vauxhall",POINT (-0.114605 51.495656)
"Walmer Road, Avondale",POINT (-0.211358 51.510101)
"Philpot Street, Whitechapel",POINT (-0.058641 51.515256)
"Bethnal Green Garden, Bethnal Green",POINT (-0.055312 51.52568)
"Cheshire Street, Bethnal Green",POINT (-0.065076 51.52388)
"York Hall, Bethnal Green",POINT (-0.055894 51.528936)
"Jubilee Crescent, Cubitt Town",POINT (-0.007542 51.493381)
"Fisherman's Walk West, Canary Wharf",POINT (-0.02296 51.50623)
"Shadwell Station, Shadwell",POINT (-0.057159 51.511088)
"Jubilee Street, Stepney",POINT (-0.053177 51.515975)
"Hermitage Court, Wapping",POINT (-0.063531 51.504719)
"St. Katharine's Way, Tower",POINT (-0.070542 51.505697)
"Garnet Street, Shadwell",POINT (-0.055167 51.508447)
"Napier Avenue, Millwall",POINT (-0.021582 51.487679)
"East Ferry Road, Cubitt Town",POINT (-0.014409 51.49447)
"Parkway, Camden Town",POINT (-0.144664 51.538071)
"Castlehaven Road, Camden Town",POINT (-0.145393 51.542138)
"Wapping Lane, Wapping",POINT (-0.057544 51.504749)
"Gunmakers Lane, Old Ford",POINT (-0.03338 51.535179)
"Burdett Road, Mile End",POINT (-0.029138 51.516196)
"Aston Street, Stepney",POINT (-0.038775 51.516)
"Bonny Street, Camden Town",POINT (-0.138853 51.541603)
"Thurtle Road, Haggerston",POINT (-0.071881 51.534776)
"St. Mary & St. Michael Church, Stepney",POINT (-0.052099 51.51417)
"Pitfield Street North,Hoxton",POINT (-0.08249 51.53558)
"Whiston Road, Haggerston",POINT (-0.076341 51.534464)
"Southern Grove, Bow",POINT (-0.030556 51.523538)
"Cantrell Road, Bow",POINT (-0.022694 51.521564)
"Lindfield Street, Poplar",POINT (-0.020467 51.513757)
"Mostyn Grove, Bow",POINT (-0.025492 51.530535)
"Hewison Street, Old Ford",POINT (-0.028155 51.533283)
"Malmesbury Road, Bow",POINT (-0.027616 51.529452)
"Millharbour, Millwall",POINT (-0.019355 51.496137)
"Gascoyne Road, Victoria Park",POINT (-0.038557 51.541515)
"Lightermans Road, Millwall",POINT (-0.020157 51.499041)
"Stebondale Street, Cubitt Town",POINT (-0.009205 51.489096)
"Spindrift Avenue, Millwall",POINT (-0.018716 51.49109)
"Stepney Green Station, Stepney",POINT (-0.04667 51.521889)
"Pott Street, Bethnal Green",POINT (-0.058005 51.527152)
"Flamborough Street, Limehouse",POINT (-0.038986 51.512871)
"Saunders Ness Road, Cubitt Town",POINT (-0.009001 51.487129)
"Albert Gardens, Stepney",POINT (-0.047784 51.51328)
"Bromley High Street, Bow",POINT (-0.013258 51.528828)
"Old Ford Road, Bethnal Green",POINT (-0.048017 51.531127)
"Granby Street, Shoreditch",POINT (-0.069543 51.525645)
"Canton Street, Poplar",POINT (-0.025626 51.511811)
"Reardon Street, Wapping",POINT (-0.058681 51.506946)
"Pennington Street, Wapping",POINT (-0.065006 51.508622)
"Queen Mary's, Mile End",POINT (-0.041378 51.522507)
"Maplin Street, Mile End",POINT (-0.032267 51.525501)
"South Quay East, Canary Wharf",POINT (-0.016251 51.50196)
"Bow Church Station, Bow",POINT (-0.018703 51.528169)
"Devons Road, Bow",POINT (-0.015578 51.52512)
"Merchant Street, Bow",POINT (-0.027581 51.526578)
"Bow Road Station, Bow",POINT (-0.025296 51.527058)
"Furze Green, Bow",POINT (-0.021345 51.519265)
"Ansell House, Stepney",POINT (-0.05438 51.520019)
"Cephas Street, Bethnal Green",POINT (-0.054883 51.522561)
"Bonner Gate, Victoria Park",POINT (-0.049591 51.53341)
"Cleveland Way, Stepney",POINT (-0.051394 51.520893)
"St. John's Park, Cubitt Town",POINT (-0.009506 51.496454)
"Ackroyd Drive, Bow",POINT (-0.026768 51.520398)
"Bell Lane, Liverpool Street",POINT (-0.075855 51.517475)
"Clarkson Street, Bethnal Green",POINT (-0.059091 51.528692)
"Fournier Street, Whitechapel",POINT (-0.074431 51.519362)
"Fore Street, Guildhall",POINT (-0.090075 51.517842)
"Westferry DLR, Limehouse",POINT (-0.025996 51.509303)
"Sutton Street, Shadwell",POINT (-0.053558 51.511066)
"Pritchard's Road, Bethnal Green",POINT (-0.06142 51.532091)
"Watney Market, Stepney",POINT (-0.055656 51.514222)
"Portman Square, Marylebone",POINT (-0.155525 51.516204)
"Russell Gardens, Olympia",POINT (-0.211316 51.500088)
"Chrisp Street Market, Poplar",POINT (-0.014438 51.5112)
"Hurlingham Park, Parsons Green",POINT (-0.20464 51.470131)
"Little Brook Green, Brook Green",POINT (-0.223868 51.496664)
"Abyssinia Close, Clapham Junction",POINT (-0.167029 51.460333)
"Limburg Road, Clapham Junction",POINT (-0.165297 51.461923)
"Houndsditch, Aldgate",POINT (-0.077178 51.514449)
"Imperial Wharf Station, Sands End",POINT (-0.183165 51.474665)
"Victoria & Albert Museum, South Kensington",POINT (-0.173009 51.495898)
"Halford Road, West Kensington",POINT (-0.197609 51.483911)
"Monier Road, Hackney Wick",POINT (-0.02163 51.540311)
"East Village, Queen Elizabeth Olympic Park",POINT (-0.009935 51.546326)
"Aquatic Centre, Queen Elizabeth Olympic Park",POINT (-0.01051 51.54094)
"Lee Valley VeloPark, Queen Elizabeth Olympic Park",POINT (-0.015717 51.549369)
"Timber Lodge, Queen Elizabeth Olympic Park",POINT (-0.014691 51.546805)
"Copper Box Arena, Queen Elizabeth Olympic Park",POINT (-0.020542 51.544909)
"Podium, Queen Elizabeth Olympic Park",POINT (-0.011889 51.538718)
"Stratford Station, Stratford",POINT (-0.00481 51.541793)
"Blackfriars Road, Southwark",POINT (-0.10454 51.505461)
"Cromer Street, Bloomsbury",POINT (-0.119558 51.528279)
"Victoria Rise, Clapham Common",POINT (-0.147804 51.461376)
"Euston Square Gardens, Euston",POINT (-0.131861 51.527068)
"Coram Street, Bloomsbury",POINT (-0.126409 51.524)
"Ossulston Street, Somers Town",POINT (-0.128279 51.5293)
"Birkenhead Street, King's Cross",POINT (-0.122299 51.530199)
"Kings Gate House, Westminster",POINT (-0.137598 51.497698)
"Sopwith Way, Battersea Park",POINT (-0.149035 51.481121)
"Lavington Street, Bankside",POINT (-0.098031 51.505224)
"Albert Square, Stockwell",POINT (-0.118256 51.47659)
"Southwark Street, Bankside",POINT (-0.098341 51.505409)
"Good's Way, King's Cross",POINT (-0.125078 51.534667)
"The Metropolitan, Portobello",POINT (-0.200804 51.520509)
"Handyside Street, King's Cross",POINT (-0.124807 51.53724)
"Bevington Road West, North Kensington",POINT (-0.208888 51.5212)
"Gauden Road, Clapham",POINT (-0.130908 51.464995)
"Lincoln's Inn Fields, Holborn",POINT (-0.118272 51.516277)
"Tate Modern, Bankside",POINT (-0.098807 51.506725)
"Westferry Circus, Canary Wharf",POINT (-0.027772 51.505703)
"Here East North, Queen Elizabeth Olympic Park",POINT (-0.022606 51.548731)
"New Spring Gardens Walk, Vauxhall",POINT (-0.122759 51.487807)
"Clapham Road, Lingham Street, Stockwell",POINT (-0.12367 51.471433)
"Lambeth Palace Road, Waterloo",POINT (-0.116628 51.500089)
"Here East South, Queen Elizabeth Olympic Park",POINT (-0.020597 51.546532)
"Riverlight South, Nine Elms",POINT (-0.138212 51.481335)
"Westminster Pier, Westminster",POINT (-0.123823 51.501513)
"Belvedere Road 2, South Bank",POINT (-0.114842 51.50621)
"Victory Place, Walworth",POINT (-0.091938 51.492807)
"Battersea Power Station, Battersea Park",POINT (-0.147714 51.483507)
"Allington Street, Victoria",POINT (-0.142943 51.496863)
"Cranmer Road, Stockwell",POINT (-0.111471 51.479601)
"Normandy Road, Stockwell",POINT (-0.11258 51.473874)
"Wynne Road, Stockwell",POINT (-0.112686 51.469217)
"Sidney Road, Stockwell",POINT (-0.119022 51.469202)
"St John's Crescent, Brixton",POINT (-0.113179 51.466232)
"Ferndale Road, Brixton",POINT (-0.115781 51.464019)
"Saltoun Road, Brixton",POINT (-0.115375 51.460232)
"Gas Holders, Battersea Park",POINT (-0.147857 51.477966)
"Farringdon Street, Holborn",POINT (-0.104947 51.516785)
"York Way, Kings Cross",POINT (-0.125441 51.541596)
"Fore Street Avenue, Guildhall",POINT (-0.091401 51.518093)
"Sea Containers, South Bank",POINT (-0.106823 51.508033)
"George Row, Bermondsey",POINT (-0.068981 51.498585)
"Tower Wharf, Bermondsey",POINT (-0.074704 51.500845)
"Temple Gardens, Temple",POINT (-0.108322 51.510981)
"Canada Water Station, Rotherhithe",POINT (-0.04915 51.498439)
"Bermondsey Station, Bermondsey",POINT (-0.063471 51.497995)
"River Street , Clerkenwell",POINT (-0.10997 51.529163)
"Phillimore Gardens, Kensington",POINT (-0.197574 51.499606)
"Christopher Street, Liverpool Street",POINT (-0.084605 51.521283)
"St. Chad's Street, King's Cross",POINT (-0.120973 51.530059)
"Sedding Street, Sloane Square",POINT (-0.156876 51.49313)
"Broadcasting House, Marylebone",POINT (-0.144228 51.518117)
"Charlbert Street, St. John's Wood",POINT (-0.168074 51.5343)
"Maida Vale, Maida Vale",POINT (-0.183486 51.529857)
"New Globe Walk, Bankside",POINT (-0.09644 51.507385)
"Park Street, Bankside",POINT (-0.092754 51.505974)
"Brunswick Square, Bloomsbury",POINT (-0.122502 51.523951)
"Malet Street, Bloomsbury",POINT (-0.130431 51.52168)
"Scala Street, Fitzrovia",POINT (-0.136039 51.519914)
"Belgrove Street , King's Cross",POINT (-0.123616 51.529943)
"Great Russell Street, Bloomsbury",POINT (-0.127854 51.517727)
"Cartwright Gardens , Bloomsbury",POINT (-0.125979 51.526357)
"Hatton Wall, Holborn",POINT (-0.109006 51.521661)
"Drury Lane, Covent Garden",POINT (-0.122219 51.51477)
"Taviton Street, Bloomsbury",POINT (-0.131161 51.52505)
"Drummond Street , Euston",POINT (-0.136052 51.527326)
"Lansdowne Drive, Hackney Central",POINT (-0.062806 51.539834)
"Northington Street , Holborn",POINT (-0.114079 51.522264)
"Red Lion Square, Holborn",POINT (-0.119123 51.519435)
"British Museum, Bloomsbury",POINT (-0.124678 51.51908)
"Doric Way , Somers Town",POINT (-0.13225 51.528833)
"Ampton Street , Clerkenwell",POINT (-0.118295 51.52728)
"Bouverie Street, Temple",POINT (-0.107927 51.513821)
"Bolsover Street, Fitzrovia",POINT (-0.143613 51.523518)
"Hereford Road, Bayswater",POINT (-0.193487 51.513735)
"Windsor Terrace, Hoxton",POINT (-0.093421 51.529154)
"Fanshaw Street, Hoxton",POINT (-0.083353 51.529537)
"Leonard Circus , Shoreditch",POINT (-0.084439 51.524696)
"Pancras Road, King's Cross",POINT (-0.129386 51.534123)
"De Vere Gardens, Kensington",POINT (-0.18498 51.501737)
"Penywern Road, Earl's Court",POINT (-0.192369 51.491593)
"Abingdon Villas, Kensington",POINT (-0.197245 51.497387)
"Shoreditch High Street, Shoreditch",POINT (-0.07813 51.526377)
"Commercial Street, Shoreditch",POINT (-0.075578 51.52127)
"Pindar Street, Liverpool Street",POINT (-0.083493 51.520955)
"Wenlock Road , Hoxton",POINT (-0.093903 51.530991)
"Crawford Street, Marylebone",POINT (-0.157183 51.52026)
"Bruton Street, Mayfair",POINT (-0.144165 51.510736)
"Boston Place, Marylebone",POINT (-0.162298 51.522511)
"Nesham Street, Wapping",POINT (-0.06691 51.507131)
"Warwick Avenue Station, Maida Vale",POINT (-0.183846 51.523344)
"Godliman Street, St. Paul's",POINT (-0.099141 51.512484)
"Curzon Street, Mayfair",POINT (-0.145904 51.507069)
"East Road, Hoxton",POINT (-0.087459 51.528673)
"Finsbury Library , Finsbury",POINT (-0.104298 51.526717)
"Roscoe Street, St. Luke's",POINT (-0.094934 51.522954)
"Grafton Street, Mayfair",POINT (-0.143495 51.509992)
"Golden Lane, Barbican",POINT (-0.094475 51.521747)
"Finsbury Circus, Liverpool Street",POINT (-0.086685 51.517075)
"Paddington Street, Marylebone",POINT (-0.154701 51.520583)
"Guilford Street , Bloomsbury",POINT (-0.120202 51.523346)
"New Inn Yard, Shoreditch",POINT (-0.079248 51.524526)
"Lisson Grove, St. John's Wood",POINT (-0.17219 51.526448)
"Great Dover Street, The Borough",POINT (-0.089446 51.497382)
"Cotton Garden Estate, Kennington",POINT (-0.106323 51.490757)
"Murray Grove , Hoxton",POINT (-0.089782 51.53089)
"William IV Street, Strand",POINT (-0.124749 51.509462)
"Gower Place , Euston",POINT (-0.135188 51.525227)
"Holborn Circus, Holborn",POINT (-0.108657 51.51795)
"Hatton Garden, Holborn",POINT (-0.108028 51.518825)
"Theobald's Road , Holborn",POINT (-0.116688 51.520596)
"Euston Road, Euston",POINT (-0.134407 51.526236)
"Calshot Street , King's Cross",POINT (-0.117069 51.53136)
"Newgate Street , St. Paul's",POINT (-0.09885 51.515418)
"Farringdon Lane, Clerkenwell",POINT (-0.10834 51.52352)
"Old Street Station, St. Luke's",POINT (-0.089659 51.52548)
"Vauxhall Cross, Vauxhall",POINT (-0.124469 51.485917)
"Torrens Street, Angel",POINT (-0.10548 51.532199)
"Longford Street, The Regent's Park",POINT (-0.144083 51.525595)
"Russell Square Station, Bloomsbury",POINT (-0.124121 51.523418)
"Sadlers Sports Centre, Finsbury",POINT (-0.099489 51.524868)
"Webber Street , Southwark",POINT (-0.102091 51.500693)
"Great Titchfield Street, Fitzrovia",POINT (-0.141327 51.520253)
"Chancery Lane, Holborn",POINT (-0.111257 51.514274)
"Panton Street, West End",POINT (-0.13151 51.509639)
"Breams Buildings, Holborn",POINT (-0.111778 51.515937)
"Pembridge Villas, Notting Hill",POINT (-0.197524 51.511084)
"Wellington Street , Strand",POINT (-0.119643 51.511756)
"Risinghill Street, Angel",POINT (-0.111781 51.533319)
"Bank of England Museum, Bank",POINT (-0.087587 51.514441)
"Craven Street, Strand",POINT (-0.126021 51.508103)
"London Zoo Car Park, The Regent's Park",POINT (-0.150181 51.536922)
"Goswell Road (City Uni), Finsbury",POINT (-0.101026 51.528246)
"Flood Street, Chelsea",POINT (-0.166878 51.488023)
"Lower Marsh, Waterloo",POINT (-0.113936 51.500139)
"Grosvenor Square, Mayfair",POINT (-0.150481 51.51217)
"St. George Street, Mayfair",POINT (-0.142783 51.51196)
"Queen's Gate, Kensington Gardens",POINT (-0.179854 51.501715)
"Macclesfield Rd, St Lukes",POINT (-0.097122 51.529423)
"Vauxhall Street, Vauxhall",POINT (-0.116625 51.486965)
"Greycoat Street , Westminster",POINT (-0.134234 51.494591)
"Northumberland Avenue, Strand",POINT (-0.123702 51.506767)
"Clapham Common Station, Clapham Common",POINT (-0.139221 51.461388)
"South Kensington Station, South Kensington",POINT (-0.173881 51.494412)
"Howland Street, Fitzrovia",POINT (-0.139016 51.520994)
"High Holborn , Covent Garden",POINT (-0.124826 51.516226)
"Butler Place, Westminster",POINT (-0.13544 51.497829)
"Howick Place, Westminster",POINT (-0.138733 51.496753)
"Waterloo Station 2, Waterloo",POINT (-0.113426 51.503919)
"Royal College Street, Camden Town",POINT (-0.133952 51.536264)
"Store Street, Bloomsbury",POINT (-0.13214 51.519572)
"City Road, Angel",POINT (-0.100168 51.530344)
"Millennium Hotel, Mayfair",POINT (-0.151126 51.510919)
"Harrowby Street, Marylebone",POINT (-0.164207 51.517372)
"Harriet Street, Knightsbridge",POINT (-0.15934 51.500241)
"Paddington Green, Paddington",POINT (-0.174593 51.520205)
"King Edward Walk, Waterloo",POINT (-0.10988 51.49775)
"Sardinia Street, Holborn",POINT (-0.117863 51.515208)
"Prince Consort Road, Knightsbridge",POINT (-0.176415 51.499806)
"Waterloo Station 1, Waterloo",POINT (-0.113864 51.504027)
"Kensington Town Hall, Kensington",POINT (-0.194392 51.501945)
"Millbank Tower, Pimlico",POINT (-0.125674 51.491884)
"Waterloo Bridge, South Bank",POINT (-0.113656 51.505354)
"Natural History Museum, South Kensington",POINT (-0.179077 51.495592)
"Turquoise Island, Notting Hill",POINT (-0.200838 51.514311)
"Stanhope Gate, Mayfair",POINT (-0.150666 51.506864)
"Charlotte Street, Fitzrovia",POINT (-0.135777 51.51953)
"Farm Street, Mayfair",POINT (-0.147449 51.509351)
"Frith Street, Soho",POINT (-0.131213 51.513103)
"Marloes Road, Kensington",POINT (-0.192404 51.496481)
"Moor Street, Soho",POINT (-0.13011 51.513527)
"Fire Brigade Pier, Vauxhall",POINT (-0.121394 51.493699)
"Southampton Street, Strand",POINT (-0.121723 51.510701)
"Upper Grosvenor Street, Mayfair",POINT (-0.155757 51.51013)
"Buxton Street 1, Shoreditch",POINT (-0.068856 51.521776)
"Clifford Street, Mayfair",POINT (-0.142345 51.510662)
"Imperial College, Knightsbridge",POINT (-0.179702 51.499428)
"Snow Hill, Farringdon",POINT (-0.103604 51.517334)
"Aberdeen Place, St. John's Wood",POINT (-0.176268 51.524826)
"Cadogan Gardens, Chelsea",POINT (-0.159919 51.492462)
"Shouldham Street, Marylebone",POINT (-0.163609 51.51809)
"Devonshire Terrace, Bayswater",POINT (-0.17977 51.51348)
"Holland Park, Kensington",POINT (-0.200742 51.502319)
"Brick Lane Market, Shoreditch",POINT (-0.071653 51.522617)
"George Street, Marylebone",POINT (-0.154106 51.517703)
"Columbia Road, Shoreditch",POINT (-0.075375 51.528187)
"Penfold Street, Marylebone",POINT (-0.171681 51.522892)
"George Place Mews, Marylebone",POINT (-0.158249 51.516892)
"Palace Gate, Kensington Gardens",POINT (-0.1844 51.502042)
"Gloucester Road Station, South Kensington",POINT (-0.18267 51.494185)
"Sun Street, Liverpool Street",POINT (-0.083935 51.520009)
"Strata, Elephant & Castle",POINT (-0.099828 51.493146)
"Edgware Road Station, Marylebone",POINT (-0.169774 51.519968)
"Rotherhithe Roundabout, Rotherhithe",POINT (-0.055846 51.499169)
"Cleaver Street, Kennington",POINT (-0.110121 51.488105)
"Chelsea Bridge, Pimlico",POINT (-0.149004 51.485821)
"Southwark Station 1, Southwark",POINT (-0.105312 51.504043)
"Southwark Station 2, Southwark",POINT (-0.104778 51.504044)
"Eaton Square (South), Belgravia",POINT (-0.153933 51.494561)
"Ebury Bridge, Pimlico",POINT (-0.149186 51.490491)
"Vincent Street, Pimlico",POINT (-0.129925 51.493072)
"Cheapside, Bank",POINT (-0.09294 51.51397)
"Exhibition Road, Knightsbridge",POINT (-0.174554 51.499917)
"South Parade, Chelsea",POINT (-0.17524 51.48902)
"Crinan Street, King's Cross",POINT (-0.122203 51.534474)
"Erin Close, Walham Green",POINT (-0.195777 51.479463)
"Cadogan Close, Victoria Park",POINT (-0.028941 51.542118)
"Felsham Road, Putney",POINT (-0.215618 51.464786)
"Putney Rail Station, Putney",POINT (-0.216526 51.460717)
"Islington Green, Angel",POINT (-0.102757 51.536384)
"Charing Cross Hospital, Hammersmith",POINT (-0.217995 51.487285)
"Charlotte Terrace, Angel",POINT (-0.112721 51.536392)
"Shoreditch Court, Haggerston",POINT (-0.070329 51.539083)
"Belford House, Haggerston",POINT (-0.07023 51.536654)
"Battersea Church Road, Battersea",POINT (-0.174347 51.476964)
"Vicarage Crescent, Battersea",POINT (-0.176267 51.472876)
"Durant Street, Bethnal Green",POINT (-0.06555 51.528681)
"St. Bride Street, Holborn",POINT (-0.105344 51.515059)
"Mexfield Road, East Putney",POINT (-0.202802 51.45682)
"Upper Richmond Road, Putney",POINT (-0.212145 51.459715)
"Snowsfields, London Bridge",POINT (-0.083632 51.502153)
"Barons Court Station, West Kensington",POINT (-0.215087 51.490217)
"Disraeli Road, Putney",POINT (-0.216145 51.46161)
"Montserrat Road , Putney",POINT (-0.21555 51.463211)
"Albert Bridge Road, Battersea Park",POINT (-0.163347 51.474392)
"Everington Street, Fulham",POINT (-0.216305 51.483356)
"Mile End Stadium, Mile End",POINT (-0.034903 51.518541)
"Hawley Crescent, Camden Town",POINT (-0.14326 51.541007)
"Stewart's Road, Wandsworth Road",POINT (-0.137235 51.473116)
"Aylward Street, Stepney",POINT (-0.049067 51.51563)
"Stainsby Road , Poplar",POINT (-0.023565 51.515427)
"Dunston Road , Haggerston",POINT (-0.075885 51.536585)
"Ada Street, Hackney Central",POINT (-0.060291 51.535716)
"Victoria Park Road, Hackney Central",POINT (-0.054162 51.536424)
"Star Road, West Kensington",POINT (-0.205279 51.487244)
"Wendon Street, Old Ford",POINT (-0.026262 51.536039)
"Finnis Street, Bethnal Green",POINT (-0.058631 51.524583)
"Stephendale Road, Sands End",POINT (-0.190346 51.46822)
"Alma Road, Wandsworth",POINT (-0.184806 51.457991)
"Walworth Square, Walworth",POINT (-0.096518 51.491327)
"Alfreda Street, Battersea Park",POINT (-0.150908 51.47505)
"Chesilton Road, Fulham",POINT (-0.205876 51.475698)
"Putney Bridge Road, East Putney",POINT (-0.20624 51.461999)
"St. Peter's Terrace, Fulham",POINT (-0.208485 51.478939)
"Bridge Avenue, Hammersmith",POINT (-0.229116 51.492084)
"Duke Street Hill, London Bridge",POINT (-0.087262 51.506304)
"Park Lane, Mayfair",POINT (-0.150817 51.505426)
"Plough Terrace, Clapham Junction",POINT (-0.175407 51.462305)
"Grant Road East, Clapham Junction",POINT (-0.173029 51.464894)
"Queensdale Road, Shepherd's Bush",POINT (-0.216104 51.50659)
"Fulham Broadway, Walham Green",POINT (-0.194116 51.479932)
"Imperial Road, Sands End",POINT (-0.187278 51.475142)
"Hortensia Road, West Brompton",POINT (-0.185273 51.481765)
"Sirdar Road, Avondale",POINT (-0.214594 51.510928)
"Freston Road, Avondale",POINT (-0.219486 51.512981)
"Blenheim Crescent, Ladbroke Grove",POINT (-0.208565 51.515108)
"Oxford Road, Putney",POINT (-0.212607 51.460792)
"Ingrave Street, Clapham Junction",POINT (-0.172293 51.467454)
"Upcerne Road, West Chelsea",POINT (-0.182435 51.478169)
"Lots Road, West Chelsea",POINT (-0.179038 51.479573)
"Ormonde Gate, Chelsea",POINT (-0.161765 51.487964)
"Hertford Road, De Beauvoir Town",POINT (-0.079201 51.537277)
"Haggerston Road, Haggerston",POINT (-0.074284 51.539328)
"Culvert Road, Battersea",POINT (-0.15785 51.471095)
"Newton Street, Covent Garden",POINT (-0.120909 51.516128)
"London Street, Paddington",POINT (-0.173712 51.515117)
"Grenfell Road, Avondale",POINT (-0.214762 51.5129)
"The Vale, Chelsea",POINT (-0.174971 51.485121)
"Prince of Wales Drive, Battersea Park",POINT (-0.159169 51.475153)
"Harcourt Terrace, West Brompton",POINT (-0.187404 51.487958)
"Westbourne Park Road, Portobello",POINT (-0.201005 51.51787)
"Broadley Terrace, Marylebone",POINT (-0.165668 51.524561)
"Humbolt Road, Fulham",POINT (-0.21186 51.483217)
"Storey's Gate, Westminster",POINT (-0.129698 51.500703)
"Mile End Park Leisure Centre, Mile End",POINT (-0.032566 51.520597)
"St. John's Road, Clapham Junction",POINT (-0.168292 51.462392)
"Ranelagh Gardens, Fulham",POINT (-0.206827 51.467601)
"Ram Street, Wandsworth",POINT (-0.192165 51.457529)
"Santos Road, Wandsworth",POINT (-0.200806 51.457059)
"Clapham Common North Side, Clapham Common",POINT (-0.159322 51.461343)
"Sandilands Road, Walham Green",POINT (-0.191803 51.473611)
"Gwendwr Road, West Kensington",POINT (-0.209121 51.491026)
"Rifle Place, Avondale",POINT (-0.216016 51.509224)
"Binfield Road, Stockwell",POINT (-0.122831 51.472509)
"Tallis Street, Temple",POINT (-0.107349 51.511891)
"Argyll Road, Kensington",POINT (-0.195455 51.500401)
"Porchester Place, Paddington",POINT (-0.165164 51.514746)
"Hardwick Street, Clerkenwell",POINT (-0.108068 51.527842)
"Collingham Gardens, Earl's Court",POINT (-0.186753 51.491615)
"Sumner Place, South Kensington",POINT (-0.173715 51.491211)
"Waterloo Road, South Bank",POINT (-0.113001 51.50486)
"Strand, Strand",POINT (-0.115057 51.512582)
"Worship Street, Shoreditch",POINT (-0.079608 51.521668)
"Gloucester Terrace, Bayswater",POINT (-0.188098 51.517919)
"Ashley Place, Victoria",POINT (-0.140947 51.49616)
"Warwick Square, Pimlico",POINT (-0.141923 51.489856)
"North Audley Street, Mayfair",POINT (-0.153645 51.512911)
"Belgrave Square, Belgravia",POINT (-0.152317 51.499412)
"Bell Street , Marylebone",POINT (-0.165842 51.522029)
"Riverlight North, Nine Elms",POINT (-0.136123 51.482362)
"Portland Place, Marylebone",POINT (-0.145211 51.520715)
"Alderney Street, Pimlico",POINT (-0.140741 51.488057)
"South Wharf Road, Paddington",POINT (-0.17581 51.517335)
"Queen's Gate (South), South Kensington",POINT (-0.178433 51.492479)
"Nutford Place, Marylebone",POINT (-0.164393 51.516517)
"Claremont Square, Angel",POINT (-0.109914 51.531666)
"Rampayne Street, Pimlico",POINT (-0.132845 51.489975)
"Hyde Park Corner, Hyde Park",POINT (-0.15352 51.503117)
"Wardour Street, Soho",POINT (-0.133201 51.512515)
"Bankside Mix, Bankside",POINT (-0.100186 51.505817)
"Hop Exchange, The Borough",POINT (-0.091773 51.504627)
"Milroy Walk, South Bank",POINT (-0.106237 51.507244)
"Union Street, The Borough",POINT (-0.098497 51.503688)
"Stamford Street, South Bank",POINT (-0.111606 51.505569)
"Great Tower Street, Monument",POINT (-0.082989 51.510484)
"LMU Commercial Road, Whitechapel",POINT (-0.066078 51.514924)
"Dorset Square, Marylebone",POINT (-0.161113 51.522596)
"Leman Street, Aldgate",POINT (-0.069542 51.512363)
"West Smithfield Rotunda, Farringdon",POINT (-0.100791 51.518218)
"Margery Street, Clerkenwell",POINT (-0.112432 51.526599)
"New Road 1 , Whitechapel",POINT (-0.062697 51.518154)
"Grosvenor Crescent, Belgravia",POINT (-0.153194 51.501352)
"Mallory Street, Marylebone",POINT (-0.166304 51.525051)
"Denyer Street, Knightsbridge",POINT (-0.165101 51.493583)
"Hinde Street, Marylebone",POINT (-0.151926 51.516814)
"Cadogan Place, Knightsbridge",POINT (-0.158105 51.494645)
"Campden Hill Road, Notting Hill",POINT (-0.199004 51.506584)
"Wellington Arch, Hyde Park",POINT (-0.149569 51.50274)
"Endsleigh Gardens, Euston",POINT (-0.130504 51.526838)
"Moorfields, Moorgate",POINT (-0.088285 51.519069)
"Old Brompton Road, South Kensington",POINT (-0.18119 51.490945)
"Wormwood Street, Liverpool Street",POINT (-0.082422 51.516154)
"St. Luke's Church, Chelsea",POINT (-0.170194 51.489716)
"Bramham Gardens, Earl's Court",POINT (-0.190393 51.490163)
"Horseferry Road, Westminster",POINT (-0.130458 51.494816)
"Knightsbridge, Hyde Park",POINT (-0.155349 51.502757)
"Rodney Road , Walworth",POINT (-0.09022 51.491484)
"Queensway, Kensington Gardens",POINT (-0.187402 51.51031)
"Notting Hill Gate Station, Notting Hill",POINT (-0.196422 51.509353)
"Charles II Street, West End",POINT (-0.131961 51.508446)
"Great Percy Street, Clerkenwell",POINT (-0.11548 51.528915)
"St. James's Square, St. James's",POINT (-0.134621 51.507424)
"Whitehall Place, Strand",POINT (-0.123179 51.506543)
"Poured Lines, Bankside",POINT (-0.103137 51.506692)
"Queen's Gate (Central), South Kensington",POINT (-0.178732 51.493967)
"Carey Street, Holborn",POINT (-0.112753 51.51501)
"Pall Mall East, West End",POINT (-0.130699 51.50777)
"Liverpool Road (N1 Centre), Angel",POINT (-0.106992 51.534504)
"Kennington Road  , Vauxhall",POINT (-0.110889 51.495718)
"Fashion Street, Whitechapel",POINT (-0.073438 51.51838)
"Dock Street, Wapping",POINT (-0.068161 51.509786)
"Frampton Street, Paddington",POINT (-0.175116 51.523353)
"Warren Street Station, Euston",POINT (-0.138019 51.524438)
"Beaumont Street, Marylebone",POINT (-0.151359 51.522008)
"Gloucester Street, Pimlico",POINT (-0.139625 51.490962)
"Earnshaw Street , Covent Garden",POINT (-0.128585 51.516118)
"Grosvenor Road, Pimlico",POINT (-0.142207 51.485357)
"Berry Street, Clerkenwell",POINT (-0.099994 51.522853)
"St. John's Wood Church, The Regent's Park",POINT (-0.167515 51.530529)
"Triangle Car Park, Hyde Park",POINT (-0.170279 51.506451)
"Harper Road, The Borough",POINT (-0.096191 51.498597)
"Royal Avenue 1, Chelsea",POINT (-0.162727 51.489932)
"Brushfield Street, Liverpool Street",POINT (-0.079249 51.518908)
"Jubilee Gardens, South Bank",POINT (-0.116542 51.504636)
"Shoreditch Park, Hoxton",POINT (-0.086379 51.534042)
"Ford Road, Old Ford",POINT (-0.033085 51.532513)
"Antill Road, Mile End",POINT (-0.037471 51.528224)
"Teviot Street, Poplar",POINT (-0.011662 51.518811)
"Bancroft Road, Bethnal Green",POINT (-0.047218 51.526041)
"Driffield Road, Old Ford",POINT (-0.037366 51.534137)
"Clinton Road, Mile End",POINT (-0.036017 51.525941)
"Langdon Park, Poplar",POINT (-0.013475 51.51549)
"Lancaster Gate , Bayswater",POINT (-0.179668 51.511654)
"Blythe Road, Olympia",POINT (-0.2135 51.496927)
"Lancaster Drive, Blackwall",POINT (-0.008428 51.503143)
"Hansard Mews, Holland Park",POINT (-0.215808 51.503802)
"Clarges Street, Mayfair",POINT (-0.145827 51.507326)
"Manresa Road, Chelsea",POINT (-0.170983 51.486892)
"Newby Place, Poplar",POINT (-0.012413 51.508896)
"Twig Folly Bridge, Mile End",POINT (-0.042744 51.530326)
"Jubilee Plaza, Canary Wharf",POINT (-0.020068 51.50357)
"Wellington Row, Bethnal Green",POINT (-0.069743 51.528222)
"Goldsmith's Row, Haggerston",POINT (-0.066035 51.531864)
"Gloucester Avenue, Camden Town",POINT (-0.147154 51.537349)
"Queensbridge Road, Haggerston",POINT (-0.06992 51.53385)
"Old Montague Street, Whitechapel",POINT (-0.067937 51.51793)
"Naval Row, Blackwall",POINT (-0.00699 51.508981)
"Hoxton Station, Hoxton",POINT (-0.075901 51.531091)
"Albany Street, The Regent's Park",POINT (-0.144466 51.528302)
"Green Park Station, Mayfair",POINT (-0.142844 51.506613)
"Salmon Lane, Limehouse",POINT (-0.033828 51.514115)
"Lansdowne Walk, Ladbroke Grove",POINT (-0.204666 51.509591)
"Percival Street, Finsbury",POINT (-0.102208 51.526153)
"Arlington Road, Camden Town",POINT (-0.145246 51.539957)
"New Fetter Lane, Holborn",POINT (-0.107987 51.517428)
"East India DLR, Blackwall",POINT (-0.002275 51.509474)
"Westminster Bridge Road, Elephant & Castle",POINT (-0.107913 51.498386)
"Gaywood  Street, Elephant & Castle",POINT (-0.104193 51.49605)
"Harford Street, Mile End",POINT (-0.039264 51.521564)
"Import Dock, Canary Wharf",POINT (-0.01646 51.505772)
"Watney Street, Shadwell",POINT (-0.056667 51.511542)
"Regent's Row , Haggerston",POINT (-0.062546 51.535678)
"Aberfeldy Street, Poplar",POINT (-0.005659 51.513548)
"Heron Quays DLR, Canary Wharf",POINT (-0.021596 51.502661)
"King Edward Street, St Pauls",POINT (-0.0985 51.51601)
"Page Street, Westminster",POINT (-0.127554 51.493978)
"Abbotsbury Road, Holland Park",POINT (-0.205991 51.501391)
"Ladbroke Grove Central, Ladbroke Grove",POINT (-0.205921 51.511624)
"Rectory Square, Stepney",POINT (-0.043371 51.518369)
"Bury Place, Holborn",POINT (-0.12335 51.51746)
"Preston's Road, Cubitt Town",POINT (-0.009152 51.499286)
"Somerset House, Strand",POINT (-0.117619 51.509943)
"Selby Street, Whitechapel",POINT (-0.063386 51.521905)
"Westfield Ariel Way, White City",POINT (-0.224103 51.509158)
"Bishop's Bridge Road West, Bayswater",POINT (-0.18697 51.51616)
"Pitfield Street Central, Hoxton",POINT (-0.08299 51.53213)
"Upper Bank Street, Canary Wharf",POINT (-0.017676 51.503083)
"Westfield Southern Terrace ,Shepherd's Bush",POINT (-0.218337 51.506256)
"Greenland Road, Camden Town",POINT (-0.141728 51.539099)
"Limerston Street, West Chelsea",POINT (-0.18119 51.485587)
"Eagle Wharf Road, Hoxton",POINT (-0.09315 51.53356)
"Alpha Grove, Millwall",POINT (-0.022793 51.497304)
"Globe Town Market, Bethnal Green",POINT (-0.047548 51.528869)
"Hollybush Gardens, Bethnal Green",POINT (-0.057133 51.527607)
"Queen Street 2, Bank",POINT (-0.093051 51.511246)
"Doddington Grove, Kennington",POINT (-0.102996 51.486929)
"New Cavendish Street, Marylebone",POINT (-0.147983 51.519167)
"Abingdon Green, Westminster",POINT (-0.125972 51.49764)
"Ilchester Gardens, Bayswater",POINT (-0.19096 51.51244)
"Mudchute DLR, Cubitt Town",POINT (-0.014582 51.490645)
"Monument Street, Monument",POINT (-0.08497 51.50964)
"Hoxton Street, Hoxton",POINT (-0.0801 51.52959)
"Drayton Gardens, West Chelsea",POINT (-0.179369 51.487196)
"Greenberry Street, St.John's Wood",POINT (-0.16862 51.53256)
"Bishop's Bridge Road East, Bayswater",POINT (-0.18377 51.5171)
"Northdown Street, King's Cross",POINT (-0.11934 51.531066)
"Kingsway Southbound, Strand",POINT (-0.117774 51.513875)
"Hammersmith Road, Hammersmith",POINT (-0.21985 51.493267)
"Parson's Green , Parson's Green",POINT (-0.199783 51.472817)
"Fulham Park Road, Fulham",POINT (-0.20782 51.473471)
"Southerton Road, Hammersmith",POINT (-0.228188 51.494499)
"Manbre Road, Hammersmith",POINT (-0.223616 51.485743)
"South Lambeth Road, Vauxhall",POINT (-0.124642 51.481747)
"BBC White City, White City",POINT (-0.225787 51.514767)
"Union Grove, Wandsworth Road",POINT (-0.133972 51.472993)
"Caldwell Street, Stockwell",POINT (-0.116493 51.477839)
"St Martins Close, Camden Town",POINT (-0.138535 51.538792)
"Seymour Place, Marylebone",POINT (-0.163667 51.520331)
"Addison Road, Holland Park",POINT (-0.210941 51.504199)
"Putney Bridge Station, Fulham",POINT (-0.210279 51.468814)
"Colet Gardens, Hammersmith",POINT (-0.216493 51.491093)
"Chadwell Street, Angel",POINT (-0.106408 51.530515)
"Clifton Road, Maida Vale",POINT (-0.179592 51.525575)
"Houghton Street, Strand",POINT (-0.116764 51.51362)
"Westminster University, Marylebone",POINT (-0.154907 51.522481)
"Kensington Gore, Knightsbridge",POINT (-0.178656 51.501432)
"Bourne Street, Belgravia",POINT (-0.153233 51.490959)
"Broadwick Street, Soho",POINT (-0.13558 51.513684)
"Princes Square, Bayswater",POINT (-0.191351 51.513489)
"LSBU (Borough Road), Elephant & Castle",POINT (-0.103132 51.498744)
"St. Mary Axe, Aldgate",POINT (-0.08066 51.514225)
"Tysoe Street, Clerkenwell",POINT (-0.109256 51.526443)
"Southwick Street, Paddington",POINT (-0.169249 51.515953)
"Queen's Gate (North), Kensington",POINT (-0.180246 51.501026)
"Regency Street, Westminster",POINT (-0.132224 51.49206)
"Belgrave Road, Victoria",POINT (-0.144132 51.493204)
"Empire Square, The Borough",POINT (-0.08974 51.500823)
"Kennington Lane Rail Bridge, Vauxhall",POINT (-0.122492 51.486343)
"London Zoo,  The Regent's Park",POINT (-0.156285 51.535836)
"Baylis Road, Waterloo",POINT (-0.110699 51.501444)
"Belvedere Road 1, South Bank",POINT (-0.114686 51.506133)
"Warwick Road, Olympia",POINT (-0.205284 51.496712)
"Barbican Centre, Barbican",POINT (-0.092176 51.520044)
"Lower Thames Street, Monument",POINT (-0.084985 51.509301)
"Kensington Church Street, Kensington",POINT (-0.191496 51.503157)
"Tooley Street, Bermondsey",POINT (-0.07962 51.503493)
"North Wharf Road, Paddington",POINT (-0.176645 51.518622)
"Royal Avenue 2, Chelsea",POINT (-0.162418 51.490083)
"Smith Square, Westminster",POINT (-0.127575 51.495805)
"Royal London Hospital, Whitechapel",POINT (-0.06111 51.518675)
"Kingsway, Covent Garden",POINT (-0.118478 51.514409)
"Lambeth North Station, Waterloo",POINT (-0.112031 51.49914)
"St. John's Wood Road, St. John's Wood",POINT (-0.174653 51.527294)
"Bedford Way, Bloomsbury",POINT (-0.128377 51.523673)
"Elizabeth Bridge, Victoria",POINT (-0.147478 51.492369)
"St Mary's Hospital, Paddington",POINT (-0.171103 51.518268)
"Claverton Street, Pimlico",POINT (-0.138089 51.484839)
"Montpelier Street, Knightsbridge",POINT (-0.165471 51.498884)
"Kensington Olympia Station, Olympia",POINT (-0.209494 51.498157)
"St. George's Square, Pimlico",POINT (-0.135635 51.488226)
"Swan Street, The Borough",POINT (-0.092762 51.500296)
"Knaresborough Place, Earl's Court",POINT (-0.190603 51.493631)
"Geraldine Street, Elephant & Castle",POINT (-0.106 51.496127)
"Curlew Street, Shad Thames",POINT (-0.074189 51.502279)
"Vincent Square, Westminster",POINT (-0.136928 51.493985)
"Serpentine Car Park, Hyde Park",POINT (-0.17306 51.505014)
"Marylebone Lane, Marylebone",POINT (-0.148105 51.514759)
"Putney Pier, Wandsworth",POINT (-0.216573 51.466907)
"Albert Gate, Hyde Park",POINT (-0.158456 51.502953)
"Rathbone Street, Fitzrovia",POINT (-0.135025 51.518162)
"Black Lion Gate, Kensington Gardens",POINT (-0.187842 51.509908)
"Long Lane , Bermondsey",POINT (-0.085666 51.499075)
"Embankment (Savoy), Strand",POINT (-0.119047 51.509631)
"Foley Street, Fitzrovia",POINT (-0.140485 51.519181)
"Grove End Road, St. John's Wood",POINT (-0.17677 51.530889)
"Wells Street, Fitzrovia",POINT (-0.138072 51.517344)
"Tyers Gate, Bermondsey",POINT (-0.083159 51.500889)
"The Tennis Courts, The Regent's Park",POINT (-0.153463 51.525367)
"Warwick Row, Westminster",POINT (-0.14296 51.497998)
"Dickens Square, Borough",POINT (-0.093913 51.496791)
"Sackville Street, Mayfair",POINT (-0.138846 51.510048)
"Baldwin Street, St. Luke's",POINT (-0.088542 51.527025)
"Queen Mother Sports Centre, Victoria",POINT (-0.139956 51.493573)
"Bermondsey Street, Bermondsey",POINT (-0.081608 51.497855)
"Palissy Street, Shoreditch",POINT (-0.073955 51.526293)
"Clifton Street, Shoreditch",POINT (-0.083067 51.523196)
"Ontario Street, Elephant & Castle",POINT (-0.101384 51.49652)
"St. Martin's Street, West End",POINT (-0.129697 51.509087)
"Graham Street, Angel",POINT (-0.099981 51.532661)
"New North Road 1, Hoxton",POINT (-0.085603 51.53095)
"New North Road 2, Hoxton",POINT (-0.086016 51.53114)
"Prince Albert Road, The Regent's Park",POINT (-0.160854 51.535892)
"Eastbourne Mews, Paddington",POINT (-0.179135 51.516417)
"Bunhill Row, Moorgate",POINT (-0.089887 51.520858)
"Nevern Place, Earl's Court",POINT (-0.194757 51.493343)
"Palace Gardens Terrace, Notting Hill",POINT (-0.193764 51.508605)
"Concert Hall Approach 1, South Bank",POINT (-0.115851 51.505044)
"Tavistock Street, Covent Garden",POINT (-0.120718 51.511968)
"Concert Hall Approach 2, South Bank",POINT (-0.115533 51.504942)
"Sugden Road, Clapham",POINT (-0.157788 51.465123)
"Danvers Street, West Chelsea",POINT (-0.172078 51.482567)
"Princedale Road , Holland Park",POINT (-0.208486 51.506465)
"Wandsworth Rd, Isley Court, Wandsworth Road",POINT (-0.141812 51.469259)
"Woodstock Grove, Shepherd's Bush",POINT (-0.2174 51.504038)
"London Fields, Hackney Central",POINT (-0.058826 51.54119)
"Finlay Street, Fulham",POINT (-0.215895 51.476885)
"Aintree Street, Fulham",POINT (-0.209973 51.481021)
"Elysium Place, Fulham",POINT (-0.207842 51.471079)
"Eel Brook Common, Walham Green",POINT (-0.193254 51.476259)
"Irene Road, Parsons Green",POINT (-0.19701 51.473763)
"Surrey Lane, Battersea",POINT (-0.16716 51.47518)
"Wandsworth Town Station, Wandsworth",POINT (-0.187427 51.460864)
"Lansdowne Road, Ladbroke Grove",POINT (-0.205535 51.507481)
"Nantes Close, Wandsworth",POINT (-0.180791 51.46193)
"Courland Grove, Wandsworth Road",POINT (-0.132102 51.472918)
"Queen's Circus, Battersea Park",POINT (-0.149551 51.477619)
"Normand Park, West Kensington",POINT (-0.204815 51.484386)
"Holden Street, Battersea",POINT (-0.15823 51.46879)
"William Morris Way, Sands End",POINT (-0.184318 51.468819)
"Morie Street, Wandsworth",POINT (-0.190184 51.459953)
"Clarence Walk, Stockwell",POINT (-0.126994 51.470732)
"Battersea Park Road, Nine Elms",POINT (-0.14177 51.479501)
"Sheepcote Lane, Battersea",POINT (-0.163041 51.470538)
"Vereker Road, West Kensington",POINT (-0.209378 51.489591)
"Brook Green South, Brook Green",POINT (-0.215804 51.494347)
"Greyhound Road, Hammersmith",POINT (-0.214428 51.486062)
"South Park, Sands End",POINT (-0.193502 51.467064)
"Spencer Park, Wandsworth Common",POINT (-0.174691 51.45787)
"Falcon Road, Clapham Junction",POINT (-0.169821 51.466633)
"Coomer Place, West Kensington",POINT (-0.202038 51.48357)
"Silverthorne Road, Battersea",POINT (-0.148059 51.472865)
"Archbishop's Park, Waterloo",POINT (-0.117495 51.498241)
"Fawcett Close, Battersea",POINT (-0.174485 51.469161)
"All Saints' Road, Portobello",POINT (-0.204764 51.519042)
"Rainville Road, Hammersmith",POINT (-0.223852 51.483732)
"Great Suffolk Street, The Borough",POINT (-0.100292 51.501732)
"Buckingham Gate, Westminster",POINT (-0.137424 51.498865)
"Richmond Way, Shepherd's Bush",POINT (-0.217515 51.500353)
"Peterborough Road, Sands End",POINT (-0.196274 51.46904)
"World's End Place, West Chelsea",POINT (-0.180274 51.481805)
"St. Mark's Road, North Kensington",POINT (-0.213872 51.51687)
"Thorndike Close, West Chelsea",POINT (-0.183853 51.480898)
"Evesham Street, Avondale",POINT (-0.21819 51.511486)
"Simpson Street, Clapham Junction",POINT (-0.170703 51.470847)
"Ashmole Estate, Oval",POINT (-0.117661 51.482678)
"Crabtree Lane, Fulham",POINT (-0.219346 51.482944)
"Broomhouse Lane, Parsons Green",POINT (-0.199135 51.468418)
"Blythe Road West, Shepherd's Bush",POINT (-0.221791 51.49968)
"Ethelburga Estate, Battersea Park",POINT (-0.164786 51.477292)
"Blackfriars Station, St. Paul's",POINT (-0.103078 51.511934)
"West Kensington Station, West Kensington",POINT (-0.206029 51.49087)
"All Saints Church, Portobello",POINT (-0.202608 51.51632)
"Phene Street, Chelsea",POINT (-0.167919 51.484984)
"Clarendon Road, Avondale",POINT (-0.211593 51.51323)
"Austin Road, Battersea Park",POINT (-0.155442 51.474376)
"Smugglers Way, Wandsworth",POINT (-0.191722 51.461083)
"Shepherd's Bush Road North, Shepherd's Bush",POINT (-0.222293 51.501594)
"Ravenscourt Park Station, Hammersmith",POINT (-0.236769 51.494223)
"Teversham Lane, Stockwell",POINT (-0.123258 51.476149)
"Ashley Crescent, Battersea",POINT (-0.152248 51.467185)
"Parsons Green Station, Parsons Green",POINT (-0.201968 51.475089)
"Hibbert Street, Battersea",POINT (-0.180389 51.46517)
"Carnegie Street, King's Cross",POINT (-0.116191 51.535467)
"Usk Road, Clapham Junction",POINT (-0.182126 51.463489)
"Hartington Road, Stockwell",POINT (-0.126874 51.47787)
"Heath Road, Battersea",POINT (-0.146544 51.468669)
"Esmond Street, Putney",POINT (-0.211468 51.462312)
"Orbel Street, Battersea",POINT (-0.17021 51.474535)
"Westbridge Road, Battersea",POINT (-0.170329 51.477684)
"Bishop's Avenue, Fulham",POINT (-0.214749 51.473036)
"Crisp Road, Hammersmith",POINT (-0.226606 51.488108)
"Dorothy Road, Clapham Junction",POINT (-0.16375 51.465064)
"Neville Gill Close, Wandsworth",POINT (-0.195197 51.454752)
"Osiers Road, Wandsworth",POINT (-0.198735 51.46067)
"Beryl Road, Hammersmith",POINT (-0.222456 51.488144)
"Clements Road, Bermondsey",POINT (-0.061698 51.4954)
"Northfields, Wandsworth",POINT (-0.200667 51.460951)
"Spanish Road, Clapham Junction",POINT (-0.180884 51.459225)
"Stanley Grove, Battersea",POINT (-0.15213 51.470475)
"Eccleston Place, Victoria",POINT (-0.147624 51.49395)
"Harris Academy, Bermondsey",POINT (-0.07235 51.492668)
"South Audley Street, Mayfair",POINT (-0.151296 51.50923)
"Bourne Street, Belgravia",POINT (-0.153256 51.490856)
"Great Marlborough St, Soho",POINT (-0.137694 51.514667)
"Chelsea Green, Chelsea",POINT (-0.166221 51.490714)
"Colombo Street, Southwark",POINT (-0.105596 51.505342)
"Cumberland Gate, Hyde Park",POINT (-0.162146 51.512151)
"Kennington Lane Tesco, Vauxhall",POINT (-0.115659 51.486824)
"Black Prince Road, Vauxhall",POINT (-0.117122 51.490994)
"Central House, Whitechapel",POINT (-0.070133 51.515231)
"Lord's, St. John's Wood",POINT (-0.171592 51.5289)
"Speakers' Corner 1, Hyde Park",POINT (-0.159925 51.512301)
"Speakers' Corner 2, Hyde Park",POINT (-0.160529 51.512232)
"Harrington Square 2, Camden Town",POINT (-0.139258 51.533403)
"Christian Street, Whitechapel",POINT (-0.06415 51.51295)
"Westfield Eastern Access Road, Shepherd's Bush",POINT (-0.219645 51.509159)
"Rodney Street, Angel",POINT (-0.114333 51.531825)
"Westfield Library Corner, Shepherd's Bush",POINT (-0.224303 51.506093)
"Grant Road Central, Clapham Junction",POINT (-0.173719 51.464655)
"Grant Road West, Clapham Junction",POINT (-0.174521 51.464416)
"Michael Road, Walham Green",POINT (-0.189155 51.477292)
"Hammersmith Town Hall, Hammersmith",POINT (-0.234055 51.492736)
"Rossmore Road, Marylebone",POINT (-0.164032 51.525194)
Arundel Street,POINT (-0.113885 51.51165)
"Wansey Street, Walworth",POINT (-0.097291 51.491056)
"Thornfield House, Poplar",POINT (-0.023606 51.509913)
"Thessaly Road North, Nine Elms",POINT (-0.138781 51.477273)
"Exhibition Road Museums 1, South Kensington",POINT (-0.173757 51.496471)
"Exhibition Road Museums 2, South Kensington",POINT (-0.173693 51.495948)
