station,value,stationid,lat,lon,geometry
"Abbey Orchard Street, Westminster",111625,108,51.498125,-0.132102,Point (-0.132102 51.498125)
"Abbotsbury Road, Holland Park",34920,559,51.501391,-0.205991,Point (-0.205991 51.501391)
"Aberdeen Place, St. John's Wood",55495,394,51.524826,-0.176268,Point (-0.176268 51.524826)
"Aberfeldy Street, Poplar",19018,554,51.513548,-0.005659,Point (-0.005659 51.513548)
"Abingdon Green, Westminster",128074,583,51.49764,-0.125972,Point (-0.125972 51.49764)
"Abingdon Villas, Kensington",59240,38,51.497387,-0.197245,Point (-0.197245 51.497387)
"Abyssinia Close, Clapham Junction",48306,776,51.460333,-0.167029,Point (-0.167029 51.460333)
"Ackroyd Drive, Bow",54028,505,51.520398,-0.026768,Point (-0.026768 51.520398)
"Ada Street, Hackney Central",98730,718,51.535716,-0.060291,Point (-0.060291 51.535716)
"Addison Road, Holland Park",37375,606,51.504199,-0.210941,Point (-0.210941 51.504199)
"Aintree Street, Fulham",81110,616,51.481021,-0.209973,Point (-0.209973 51.481021)
"Albany Street, The Regent's Park",95894,540,51.528302,-0.144466,Point (-0.144466 51.528302)
"Albert Bridge Road, Battersea Park",120976,710,51.474392,-0.163347,Point (-0.163347 51.474392)
"Albert Embankment, Vauxhall",82951,100,51.490435,-0.122806,Point (-0.122806 51.490435)
"Albert Gardens, Stepney",85305,483,51.51328,-0.047784,Point (-0.047784 51.51328)
"Albert Gate, Hyde Park",425628,303,51.502953,-0.158456,Point (-0.158456 51.502953)
"Albert Square, Stockwell",72548,802,51.47659,-0.118256,Point (-0.118256 51.47659)
"Alderney Street, Pimlico",116671,185,51.488057,-0.140741,Point (-0.140741 51.488057)
"Aldersgate Street, Barbican",168934,95,51.520841,-0.09734,Point (-0.09734 51.520841)
"Alfreda Street, Battersea Park",73922,726,51.47505,-0.150908,Point (-0.150908 51.47505)
"All Saints Church, Portobello",128996,661,51.51632,-0.202608,Point (-0.202608 51.51632)
"All Saints' Road, Portobello",51980,643,51.519042,-0.204764,Point (-0.204764 51.519042)
"Allington Street, Victoria",138403,826,51.496863,-0.142943,Point (-0.142943 51.496863)
"Alma Road, Wandsworth",37679,724,51.457991,-0.184806,Point (-0.184806 51.457991)
"Alpha Grove, Millwall",33892,576,51.497304,-0.022793,Point (-0.022793 51.497304)
"Ampton Street , Clerkenwell",72835,26,51.52728,-0.118295,Point (-0.118295 51.52728)
"Ansell House, Stepney",104245,500,51.520019,-0.05438,Point (-0.05438 51.520019)
"Antill Road, Mile End",66788,518,51.528224,-0.037471,Point (-0.037471 51.528224)
"Aquatic Centre, Queen Elizabeth Olympic Park",282481,785,51.54094,-0.01051,Point (-0.01051 51.54094)
"Archbishop's Park, Waterloo",71773,641,51.498241,-0.117495,Point (-0.117495 51.498241)
"Argyll Road, Kensington",66139,168,51.500401,-0.195455,Point (-0.195455 51.500401)
"Arlington Road, Camden Town",70413,545,51.539957,-0.145246,Point (-0.145246 51.539957)
Arundel Street,33428,1002,51.51165,-0.113885,Point (-0.113885 51.51165)
"Ashley Crescent, Battersea",71176,670,51.467185,-0.152248,Point (-0.152248 51.467185)
"Ashley Place, Victoria",162792,177,51.49616,-0.140947,Point (-0.140947 51.49616)
"Ashmole Estate, Oval",70702,654,51.482678,-0.117661,Point (-0.117661 51.482678)
"Aston Street, Stepney",45422,461,51.516,-0.038775,Point (-0.038775 51.516)
"Austin Road, Battersea Park",92152,664,51.474376,-0.155442,Point (-0.155442 51.474376)
"Aylward Street, Stepney",53650,715,51.51563,-0.049067,Point (-0.049067 51.51563)
"BBC White City, White City",67297,601,51.514767,-0.225787,Point (-0.225787 51.514767)
"Baker Street, Marylebone",86286,121,51.518913,-0.156166,Point (-0.156166 51.518913)
"Baldwin Street, St. Luke's",101100,319,51.527025,-0.088542,Point (-0.088542 51.527025)
"Bancroft Road, Bethnal Green",68898,520,51.526041,-0.047218,Point (-0.047218 51.526041)
"Bank of England Museum, Bank",160129,340,51.514441,-0.087587,Point (-0.087587 51.514441)
"Bankside Mix, Bankside",162313,193,51.505817,-0.100186,Point (-0.100186 51.505817)
"Barbican Centre, Barbican",87133,275,51.520044,-0.092176,Point (-0.092176 51.520044)
"Barons Court Station, West Kensington",103628,707,51.490217,-0.215087,Point (-0.215087 51.490217)
"Bath Street, St. Luke's",149537,119,51.525893,-0.090847,Point (-0.090847 51.525893)
"Battersea Church Road, Battersea",81757,700,51.476964,-0.174347,Point (-0.174347 51.476964)
"Battersea Park Road, Nine Elms",85761,631,51.479501,-0.14177,Point (-0.14177 51.479501)
"Battersea Power Station, Battersea Park",137741,821,51.483507,-0.147714,Point (-0.147714 51.483507)
"Bayley Street , Bloomsbury",136795,88,51.518587,-0.132053,Point (-0.132053 51.518587)
"Baylis Road, Waterloo",196400,272,51.501444,-0.110699,Point (-0.110699 51.501444)
"Bayswater Road, Hyde Park",213142,153,51.511933,-0.174411,Point (-0.174411 51.511933)
"Beaumont Street, Marylebone",95733,242,51.522008,-0.151359,Point (-0.151359 51.522008)
"Bedford Way, Bloomsbury",64445,287,51.523673,-0.128377,Point (-0.128377 51.523673)
"Belford House, Haggerston",50867,699,51.536654,-0.07023,Point (-0.07023 51.536654)
"Belgrave Road, Victoria",127329,268,51.493204,-0.144132,Point (-0.144132 51.493204)
"Belgrave Square, Belgravia",56355,181,51.499412,-0.152317,Point (-0.152317 51.499412)
"Belgrove Street , King's Cross",552504,14,51.529943,-0.123616,Point (-0.123616 51.529943)
"Bell Lane, Liverpool Street",96188,506,51.517475,-0.075855,Point (-0.075855 51.517475)
"Bell Street , Marylebone",83960,182,51.522029,-0.165842,Point (-0.165842 51.522029)
"Belvedere Road 1, South Bank",134932,273,51.506133,-0.114686,Point (-0.114686 51.506133)
"Belvedere Road 2, South Bank",63950,819,51.50621,-0.114842,Point (-0.114842 51.50621)
"Bermondsey Station, Bermondsey",19555,845,51.497995,-0.063471,Point (-0.063471 51.497995)
"Bermondsey Street, Bermondsey",168316,321,51.497855,-0.081608,Point (-0.081608 51.497855)
"Berry Street, Clerkenwell",159261,246,51.522853,-0.099994,Point (-0.099994 51.522853)
"Beryl Road, Hammersmith",60424,686,51.488144,-0.222456,Point (-0.222456 51.488144)
"Bethnal Green Garden, Bethnal Green",85925,444,51.52568,-0.055312,Point (-0.055312 51.52568)
"Bethnal Green Road, Shoreditch",292453,132,51.523648,-0.074754,Point (-0.074754 51.523648)
"Bevington Road West, North Kensington",74813,807,51.5212,-0.208888,Point (-0.208888 51.5212)
"Binfield Road, Stockwell",128985,772,51.472509,-0.122831,Point (-0.122831 51.472509)
"Birkenhead Street, King's Cross",96092,798,51.530199,-0.122299,Point (-0.122299 51.530199)
"Bishop's Avenue, Fulham",78818,681,51.473036,-0.214749,Point (-0.214749 51.473036)
"Bishop's Bridge Road East, Bayswater",52955,592,51.5171,-0.18377,Point (-0.18377 51.5171)
"Bishop's Bridge Road West, Bayswater",114735,568,51.51616,-0.18697,Point (-0.18697 51.51616)
"Black Lion Gate, Kensington Gardens",424995,307,51.509908,-0.187842,Point (-0.187842 51.509908)
"Black Prince Road, Vauxhall",90108,310,51.490994,-0.117122,Point (-0.117122 51.490994)
"Blackfriars Road, Southwark",89036,792,51.505461,-0.10454,Point (-0.10454 51.505461)
"Blackfriars Station, St. Paul's",46646,659,51.511934,-0.103078,Point (-0.103078 51.511934)
"Blenheim Crescent, Ladbroke Grove",87935,742,51.515108,-0.208565,Point (-0.208565 51.515108)
"Blythe Road West, Shepherd's Bush",48857,657,51.49968,-0.221791,Point (-0.221791 51.49968)
"Blythe Road, Olympia",5098,525,51.496927,-0.2135,Point (-0.2135 51.496927)
"Bolsover Street, Fitzrovia",126310,28,51.523518,-0.143613,Point (-0.143613 51.523518)
"Bonner Gate, Victoria Park",68565,502,51.53341,-0.049591,Point (-0.049591 51.53341)
"Bonny Street, Camden Town",125388,462,51.541603,-0.138853,Point (-0.138853 51.541603)
"Borough High Street, The Borough",92897,125,51.500694,-0.094524,Point (-0.094524 51.500694)
"Borough Road, Elephant & Castle",72347,92,51.498898,-0.10044,Point (-0.10044 51.498898)
"Boston Place, Marylebone",145036,45,51.522511,-0.162298,Point (-0.162298 51.522511)
"Bourne Street, Belgravia",73694,259,51.490959,-0.153233,Point (-0.153233 51.490959)
"Bourne Street, Belgravia",73694,137,51.490856,-0.153256,Point (-0.153256 51.490856)
"Bouverie Street, Temple",112893,27,51.513821,-0.107927,Point (-0.107927 51.513821)
"Bow Church Station, Bow",89305,495,51.528169,-0.018703,Point (-0.018703 51.528169)
"Bow Road Station, Bow",79685,498,51.527058,-0.025296,Point (-0.025296 51.527058)
"Braham Street, Aldgate",145192,115,51.514233,-0.073537,Point (-0.073537 51.514233)
"Bramham Gardens, Earl's Court",130824,219,51.490163,-0.190393,Point (-0.190393 51.490163)
"Breams Buildings, Holborn",61797,84,51.515937,-0.111778,Point (-0.111778 51.515937)
"Brick Lane Market, Shoreditch",117034,399,51.522617,-0.071653,Point (-0.071653 51.522617)
"Bricklayers Arms, Borough",129278,94,51.495061,-0.085814,Point (-0.085814 51.495061)
"Bridge Avenue, Hammersmith",89892,730,51.492084,-0.229116,Point (-0.229116 51.492084)
"British Museum, Bloomsbury",145265,24,51.51908,-0.124678,Point (-0.124678 51.51908)
"Broadcasting House, Marylebone",109645,6,51.518117,-0.144228,Point (-0.144228 51.518117)
"Broadley Terrace, Marylebone",36190,759,51.524561,-0.165668,Point (-0.165668 51.524561)
"Broadwick Street, Soho",108105,260,51.513684,-0.13558,Point (-0.13558 51.513684)
"Bromley High Street, Bow",38488,484,51.528828,-0.013258,Point (-0.013258 51.528828)
"Brook Green South, Brook Green",64935,634,51.494347,-0.215804,Point (-0.215804 51.494347)
"Broomhouse Lane, Parsons Green",32536,656,51.468418,-0.199135,Point (-0.199135 51.468418)
"Brunswick Square, Bloomsbury",103632,11,51.523951,-0.122502,Point (-0.122502 51.523951)
"Brushfield Street, Liverpool Street",297738,251,51.518908,-0.079249,Point (-0.079249 51.518908)
"Bruton Street, Mayfair",63624,44,51.510736,-0.144165,Point (-0.144165 51.510736)
"Buckingham Gate, Westminster",121051,646,51.498865,-0.137424,Point (-0.137424 51.498865)
"Bunhill Row, Moorgate",143963,331,51.520858,-0.089887,Point (-0.089887 51.520858)
"Burdett Road, Mile End",70487,460,51.516196,-0.029138,Point (-0.029138 51.516196)
"Bury Place, Holborn",81042,562,51.51746,-0.12335,Point (-0.12335 51.51746)
"Butler Place, Westminster",67165,359,51.497829,-0.13544,Point (-0.13544 51.497829)
"Buxton Street 1, Shoreditch",50286,390,51.521776,-0.068856,Point (-0.068856 51.521776)
"Cadogan Close, Victoria Park",117559,692,51.542118,-0.028941,Point (-0.028941 51.542118)
"Cadogan Gardens, Chelsea",116197,395,51.492462,-0.159919,Point (-0.159919 51.492462)
"Cadogan Place, Knightsbridge",75296,211,51.494645,-0.158105,Point (-0.158105 51.494645)
"Caldwell Street, Stockwell",91156,603,51.477839,-0.116493,Point (-0.116493 51.477839)
"Calshot Street , King's Cross",41903,70,51.53136,-0.117069,Point (-0.117069 51.53136)
"Campden Hill Road, Notting Hill",39408,212,51.506584,-0.199004,Point (-0.199004 51.506584)
"Canada Water Station, Rotherhithe",22863,844,51.498439,-0.04915,Point (-0.04915 51.498439)
"Canton Street, Poplar",38310,487,51.511811,-0.025626,Point (-0.025626 51.511811)
"Cantrell Road, Bow",28029,468,51.521564,-0.022694,Point (-0.022694 51.521564)
"Carey Street, Holborn",40606,232,51.51501,-0.112753,Point (-0.112753 51.51501)
"Carnegie Street, King's Cross",67298,674,51.535467,-0.116191,Point (-0.116191 51.535467)
"Cartwright Gardens , Bloomsbury",104159,16,51.526357,-0.125979,Point (-0.125979 51.526357)
"Castlehaven Road, Camden Town",131508,457,51.542138,-0.145393,Point (-0.145393 51.542138)
"Central House, Whitechapel",106612,33,51.515231,-0.070133,Point (-0.070133 51.515231)
"Cephas Street, Bethnal Green",76625,501,51.522561,-0.054883,Point (-0.054883 51.522561)
"Chadwell Street, Angel",113488,254,51.530515,-0.106408,Point (-0.106408 51.530515)
"Chancery Lane, Holborn",60202,82,51.514274,-0.111257,Point (-0.111257 51.514274)
"Chapel Place, Marylebone",106185,141,51.515308,-0.147203,Point (-0.147203 51.515308)
"Charing Cross Hospital, Hammersmith",66020,696,51.487285,-0.217995,Point (-0.217995 51.487285)
"Charlbert Street, St. John's Wood",59881,7,51.5343,-0.168074,Point (-0.168074 51.5343)
"Charles II Street, West End",100091,226,51.508446,-0.131961,Point (-0.131961 51.508446)
"Charlotte Street, Fitzrovia",93944,381,51.51953,-0.135777,Point (-0.135777 51.51953)
"Charlotte Terrace, Angel",66462,697,51.536392,-0.112721,Point (-0.112721 51.536392)
"Cheapside, Bank",247949,427,51.51397,-0.09294,Point (-0.09294 51.51397)
"Chelsea Bridge, Pimlico",97549,419,51.485821,-0.149004,Point (-0.149004 51.485821)
"Chelsea Green, Chelsea",68573,220,51.490714,-0.166221,Point (-0.166221 51.490714)
"Chepstow Villas, Notting Hill",77926,151,51.512136,-0.201554,Point (-0.201554 51.512136)
"Cheshire Street, Bethnal Green",71721,445,51.52388,-0.065076,Point (-0.065076 51.52388)
"Chesilton Road, Fulham",95357,727,51.475698,-0.205876,Point (-0.205876 51.475698)
"Chrisp Street Market, Poplar",51420,516,51.5112,-0.014438,Point (-0.014438 51.5112)
"Christian Street, Whitechapel",101576,489,51.51295,-0.06415,Point (-0.06415 51.51295)
"Christopher Street, Liverpool Street",93103,3,51.521283,-0.084605,Point (-0.084605 51.521283)
"City Road, Angel",91454,365,51.530344,-0.100168,Point (-0.100168 51.530344)
"Clapham Common North Side, Clapham Common",103877,768,51.461343,-0.159322,Point (-0.159322 51.461343)
"Clapham Common Station, Clapham Common",58947,355,51.461388,-0.139221,Point (-0.139221 51.461388)
"Clapham Road, Lingham Street, Stockwell",47097,814,51.471433,-0.12367,Point (-0.12367 51.471433)
"Claremont Square, Angel",66295,189,51.531666,-0.109914,Point (-0.109914 51.531666)
"Clarence Walk, Stockwell",48151,630,51.470732,-0.126994,Point (-0.126994 51.470732)
"Clarendon Road, Avondale",42013,663,51.51323,-0.211593,Point (-0.211593 51.51323)
"Clarges Street, Mayfair",38542,528,51.507326,-0.145827,Point (-0.145827 51.507326)
"Clarkson Street, Bethnal Green",46142,507,51.528692,-0.059091,Point (-0.059091 51.528692)
"Claverton Street, Pimlico",79060,291,51.484839,-0.138089,Point (-0.138089 51.484839)
"Cleaver Street, Kennington",46805,412,51.488105,-0.110121,Point (-0.110121 51.488105)
"Clements Road, Bermondsey",72893,687,51.4954,-0.061698,Point (-0.061698 51.4954)
"Clerkenwell Green, Clerkenwell",145393,135,51.52326,-0.104708,Point (-0.104708 51.52326)
"Cleveland Gardens, Bayswater",64971,164,51.515607,-0.183118,Point (-0.183118 51.515607)
"Cleveland Way, Stepney",134118,503,51.520893,-0.051394,Point (-0.051394 51.520893)
"Clifford Street, Mayfair",36117,391,51.510662,-0.142345,Point (-0.142345 51.510662)
"Clifton Road, Maida Vale",89243,255,51.525575,-0.179592,Point (-0.179592 51.525575)
"Clifton Street, Shoreditch",54386,323,51.523196,-0.083067,Point (-0.083067 51.523196)
"Clinton Road, Mile End",79205,522,51.525941,-0.036017,Point (-0.036017 51.525941)
"Cloudesley Road, Angel",85849,93,51.534408,-0.109025,Point (-0.109025 51.534408)
"Colet Gardens, Hammersmith",10372,608,51.491093,-0.216493,Point (-0.216493 51.491093)
"Collingham Gardens, Earl's Court",70200,171,51.491615,-0.186753,Point (-0.186753 51.491615)
"Colombo Street, Southwark",43413,240,51.505342,-0.105596,Point (-0.105596 51.505342)
"Columbia Road, Shoreditch",115654,401,51.528187,-0.075375,Point (-0.075375 51.528187)
"Commercial Street, Shoreditch",89624,40,51.52127,-0.075578,Point (-0.075578 51.52127)
"Concert Hall Approach 1, South Bank",76668,334,51.505044,-0.115851,Point (-0.115851 51.505044)
"Concert Hall Approach 2, South Bank",73816,336,51.504942,-0.115533,Point (-0.115533 51.504942)
"Coomer Place, West Kensington",99980,639,51.48357,-0.202038,Point (-0.202038 51.48357)
"Copper Box Arena, Queen Elizabeth Olympic Park",34258,788,51.544909,-0.020542,Point (-0.020542 51.544909)
"Coram Street, Bloomsbury",56419,796,51.524,-0.126409,Point (-0.126409 51.524)
"Cotton Garden Estate, Kennington",53454,62,51.490757,-0.106323,Point (-0.106323 51.490757)
"Courland Grove, Wandsworth Road",61455,624,51.472918,-0.132102,Point (-0.132102 51.472918)
"Crabtree Lane, Fulham",60408,655,51.482944,-0.219346,Point (-0.219346 51.482944)
"Cranmer Road, Stockwell",63684,827,51.479601,-0.111471,Point (-0.111471 51.479601)
"Craven Street, Strand",271971,341,51.508103,-0.126021,Point (-0.126021 51.508103)
"Crawford Street, Marylebone",106199,43,51.52026,-0.157183,Point (-0.157183 51.52026)
"Crinan Street, King's Cross",59034,431,51.534474,-0.122203,Point (-0.122203 51.534474)
"Crisp Road, Hammersmith",107694,682,51.488108,-0.226606,Point (-0.226606 51.488108)
"Cromer Street, Bloomsbury",50890,793,51.528279,-0.119558,Point (-0.119558 51.528279)
"Crosswall, Tower",232566,104,51.511594,-0.077121,Point (-0.077121 51.511594)
"Culvert Road, Battersea",37703,750,51.471095,-0.15785,Point (-0.15785 51.471095)
"Cumberland Gate, Hyde Park",45275,304,51.512151,-0.162146,Point (-0.162146 51.512151)
"Curlew Street, Shad Thames",160181,298,51.502279,-0.074189,Point (-0.074189 51.502279)
"Curzon Street, Mayfair",67572,49,51.507069,-0.145904,Point (-0.145904 51.507069)
"Danvers Street, West Chelsea",85563,610,51.482567,-0.172078,Point (-0.172078 51.482567)
"De Vere Gardens, Kensington",108469,36,51.501737,-0.18498,Point (-0.18498 51.501737)
"Denyer Street, Knightsbridge",48263,209,51.493583,-0.165101,Point (-0.165101 51.493583)
"Derry Street, Kensington",190123,133,51.501364,-0.191462,Point (-0.191462 51.501364)
"Devons Road, Bow",50514,496,51.52512,-0.015578,Point (-0.015578 51.52512)
"Devonshire Square, Liverpool Street",92812,87,51.516468,-0.079684,Point (-0.079684 51.516468)
"Devonshire Terrace, Bayswater",128309,397,51.51348,-0.17977,Point (-0.17977 51.51348)
"Dickens Square, Borough",38650,317,51.496791,-0.093913,Point (-0.093913 51.496791)
"Disraeli Road, Putney",53713,708,51.46161,-0.216145,Point (-0.216145 51.46161)
"Dock Street, Wapping",96651,237,51.509786,-0.068161,Point (-0.068161 51.509786)
"Doddington Grove, Kennington",90551,580,51.486929,-0.102996,Point (-0.102996 51.486929)
"Doric Way , Somers Town",133327,25,51.528833,-0.13225,Point (-0.13225 51.528833)
"Dorothy Road, Clapham Junction",58599,683,51.465064,-0.16375,Point (-0.16375 51.465064)
"Dorset Square, Marylebone",111081,201,51.522596,-0.161113,Point (-0.161113 51.522596)
"Drayton Gardens, West Chelsea",137266,589,51.487196,-0.179369,Point (-0.179369 51.487196)
"Driffield Road, Old Ford",92744,521,51.534137,-0.037366,Point (-0.037366 51.534137)
"Drummond Street , Euston",78863,20,51.527326,-0.136052,Point (-0.136052 51.527326)
"Drury Lane, Covent Garden",188843,18,51.51477,-0.122219,Point (-0.122219 51.51477)
"Duke Street Hill, London Bridge",307480,732,51.506304,-0.087262,Point (-0.087262 51.506304)
"Dunston Road , Haggerston",181298,717,51.536585,-0.075885,Point (-0.075885 51.536585)
"Durant Street, Bethnal Green",86390,702,51.528681,-0.06555,Point (-0.06555 51.528681)
"Eagle Wharf Road, Hoxton",203695,574,51.53356,-0.09315,Point (-0.09315 51.53356)
"Earnshaw Street , Covent Garden",109837,244,51.516118,-0.128585,Point (-0.128585 51.516118)
"East Ferry Road, Cubitt Town",30418,455,51.49447,-0.014409,Point (-0.014409 51.49447)
"East India DLR, Blackwall",51551,547,51.509474,-0.002275,Point (-0.002275 51.509474)
"East Road, Hoxton",85016,50,51.528673,-0.087459,Point (-0.087459 51.528673)
"East Village, Queen Elizabeth Olympic Park",89127,784,51.546326,-0.009935,Point (-0.009935 51.546326)
"Eastbourne Mews, Paddington",110819,330,51.516417,-0.179135,Point (-0.179135 51.516417)
"Eaton Square (South), Belgravia",56031,423,51.494561,-0.153933,Point (-0.153933 51.494561)
"Eaton Square, Belgravia",61658,124,51.496544,-0.150905,Point (-0.150905 51.496544)
"Ebury Bridge, Pimlico",92429,424,51.490491,-0.149186,Point (-0.149186 51.490491)
"Eccleston Place, Victoria",171785,167,51.49395,-0.147624,Point (-0.147624 51.49395)
"Edgware Road Station, Marylebone",105368,410,51.519968,-0.169774,Point (-0.169774 51.519968)
"Eel Brook Common, Walham Green",67941,618,51.476259,-0.193254,Point (-0.193254 51.476259)
"Elizabeth Bridge, Victoria",133200,288,51.492369,-0.147478,Point (-0.147478 51.492369)
"Elysium Place, Fulham",41387,617,51.471079,-0.207842,Point (-0.207842 51.471079)
"Embankment (Savoy), Strand",93934,309,51.509631,-0.119047,Point (-0.119047 51.509631)
"Emperor's Gate, South Kensington",79255,128,51.495362,-0.185296,Point (-0.185296 51.495362)
"Empire Square, The Borough",102367,269,51.500823,-0.08974,Point (-0.08974 51.500823)
"Endsleigh Gardens, Euston",148262,214,51.526838,-0.130504,Point (-0.130504 51.526838)
"Erin Close, Walham Green",119766,691,51.479463,-0.195777,Point (-0.195777 51.479463)
"Esmond Street, Putney",19497,678,51.462312,-0.211468,Point (-0.211468 51.462312)
"Ethelburga Estate, Battersea Park",169843,658,51.477292,-0.164786,Point (-0.164786 51.477292)
"Euston Road, Euston",87589,69,51.526236,-0.134407,Point (-0.134407 51.526236)
"Euston Square Gardens, Euston",55805,795,51.527068,-0.131861,Point (-0.131861 51.527068)
"Everington Street, Fulham",64928,711,51.483356,-0.216305,Point (-0.216305 51.483356)
"Eversholt Street , Camden Town",59292,131,51.533005,-0.136792,Point (-0.136792 51.533005)
"Evesham Street, Avondale",27613,652,51.511486,-0.21819,Point (-0.21819 51.511486)
"Exhibition Road Museums 1, South Kensington",131232,432,51.496471,-0.173757,Point (-0.173757 51.496471)
"Exhibition Road Museums 2, South Kensington",24896,482,51.495948,-0.173693,Point (-0.173693 51.495948)
"Exhibition Road, Knightsbridge",233633,428,51.499917,-0.174554,Point (-0.174554 51.499917)
"Falcon Road, Clapham Junction",145261,638,51.466633,-0.169821,Point (-0.169821 51.466633)
"Falkirk Street, Hoxton",70122,96,51.53095,-0.078505,Point (-0.078505 51.53095)
"Fanshaw Street, Hoxton",101845,31,51.529537,-0.083353,Point (-0.083353 51.529537)
"Farm Street, Mayfair",44244,382,51.509351,-0.147449,Point (-0.147449 51.509351)
"Farringdon Lane, Clerkenwell",85896,72,51.52352,-0.10834,Point (-0.10834 51.52352)
"Farringdon Street, Holborn",32543,835,51.516785,-0.104947,Point (-0.104947 51.516785)
"Fashion Street, Whitechapel",71434,236,51.51838,-0.073438,Point (-0.073438 51.51838)
"Fawcett Close, Battersea",29902,642,51.469161,-0.174485,Point (-0.174485 51.469161)
"Felsham Road, Putney",55092,693,51.464786,-0.215618,Point (-0.215618 51.464786)
"Ferndale Road, Brixton",64134,832,51.464019,-0.115781,Point (-0.115781 51.464019)
"Finlay Street, Fulham",83856,615,51.476885,-0.215895,Point (-0.215895 51.476885)
"Finnis Street, Bethnal Green",65578,722,51.524583,-0.058631,Point (-0.058631 51.524583)
"Finsbury Circus, Liverpool Street",244675,55,51.517075,-0.086685,Point (-0.086685 51.517075)
"Finsbury Leisure Centre, St. Luke's",174008,107,51.526008,-0.096317,Point (-0.096317 51.526008)
"Finsbury Library , Finsbury",74026,51,51.526717,-0.104298,Point (-0.104298 51.526717)
"Finsbury Square , Moorgate",115581,140,51.520962,-0.085634,Point (-0.085634 51.520962)
"Fire Brigade Pier, Vauxhall",116449,387,51.493699,-0.121394,Point (-0.121394 51.493699)
"Fisherman's Walk West, Canary Wharf",89969,448,51.50623,-0.02296,Point (-0.02296 51.50623)
"Flamborough Street, Limehouse",148542,480,51.512871,-0.038986,Point (-0.038986 51.512871)
"Flood Street, Chelsea",160040,345,51.488023,-0.166878,Point (-0.166878 51.488023)
"Foley Street, Fitzrovia",76113,311,51.519181,-0.140485,Point (-0.140485 51.519181)
"Ford Road, Old Ford",59751,517,51.532513,-0.033085,Point (-0.033085 51.532513)
"Fore Street Avenue, Guildhall",27053,838,51.518093,-0.091401,Point (-0.091401 51.518093)
"Fore Street, Guildhall",69116,509,51.517842,-0.090075,Point (-0.090075 51.517842)
"Fournier Street, Whitechapel",133414,508,51.519362,-0.074431,Point (-0.074431 51.519362)
"Frampton Street, Paddington",53791,238,51.523353,-0.175116,Point (-0.175116 51.523353)
"Freston Road, Avondale",28935,741,51.512981,-0.219486,Point (-0.219486 51.512981)
"Frith Street, Soho",124202,383,51.513103,-0.131213,Point (-0.131213 51.513103)
"Fulham Broadway, Walham Green",202864,737,51.479932,-0.194116,Point (-0.194116 51.479932)
"Fulham Park Road, Fulham",72508,597,51.473471,-0.20782,Point (-0.20782 51.473471)
"Furze Green, Bow",85866,499,51.519265,-0.021345,Point (-0.021345 51.519265)
"Garnet Street, Shadwell",78017,453,51.508447,-0.055167,Point (-0.055167 51.508447)
"Gas Holders, Battersea Park",61258,834,51.477966,-0.147857,Point (-0.147857 51.477966)
"Gascoyne Road, Victoria Park",25639,474,51.541515,-0.038557,Point (-0.038557 51.541515)
"Gauden Road, Clapham",40940,808,51.464995,-0.130908,Point (-0.130908 51.464995)
"Gaywood  Street, Elephant & Castle",68805,549,51.49605,-0.104193,Point (-0.104193 51.49605)
"George Place Mews, Marylebone",75569,403,51.516892,-0.158249,Point (-0.158249 51.516892)
"George Row, Bermondsey",33055,840,51.498585,-0.068981,Point (-0.068981 51.498585)
"George Street, Marylebone",100415,400,51.517703,-0.154106,Point (-0.154106 51.517703)
"Geraldine Street, Elephant & Castle",31176,297,51.496127,-0.106,Point (-0.106 51.496127)
"Globe Town Market, Bethnal Green",90625,577,51.528869,-0.047548,Point (-0.047548 51.528869)
"Gloucester Avenue, Camden Town",93509,535,51.537349,-0.147154,Point (-0.147154 51.537349)
"Gloucester Road (Central), South Kensington",73352,113,51.496462,-0.183289,Point (-0.183289 51.496462)
"Gloucester Road (North), Kensington",103137,97,51.497924,-0.183834,Point (-0.183834 51.497924)
"Gloucester Road Station, South Kensington",182513,405,51.494185,-0.18267,Point (-0.18267 51.494185)
"Gloucester Street, Pimlico",110729,243,51.490962,-0.139625,Point (-0.139625 51.490962)
"Gloucester Terrace, Bayswater",71186,176,51.517919,-0.188098,Point (-0.188098 51.517919)
"Godliman Street, St. Paul's",151010,48,51.512484,-0.099141,Point (-0.099141 51.512484)
"Golden Lane, Barbican",95278,54,51.521747,-0.094475,Point (-0.094475 51.521747)
"Golden Square, Soho",121522,129,51.511897,-0.137043,Point (-0.137043 51.511897)
"Goldsmith's Row, Haggerston",112766,534,51.531864,-0.066035,Point (-0.066035 51.531864)
"Good's Way, King's Cross",121490,804,51.534667,-0.125078,Point (-0.125078 51.534667)
"Goswell Road (City Uni), Finsbury",61616,344,51.528246,-0.101026,Point (-0.101026 51.528246)
"Gower Place , Euston",64757,65,51.525227,-0.135188,Point (-0.135188 51.525227)
"Grafton Street, Mayfair",50669,53,51.509992,-0.143495,Point (-0.143495 51.509992)
"Graham Street, Angel",148041,326,51.532661,-0.099981,Point (-0.099981 51.532661)
"Granby Street, Shoreditch",129846,486,51.525645,-0.069543,Point (-0.069543 51.525645)
"Grant Road Central, Clapham Junction",2815,672,51.464655,-0.173719,Point (-0.173719 51.464655)
"Grant Road East, Clapham Junction",84457,735,51.464894,-0.173029,Point (-0.173029 51.464894)
"Grant Road West, Clapham Junction",6410,1000,51.464416,-0.174521,Point (-0.174521 51.464416)
"Great Dover Street, The Borough",93271,61,51.497382,-0.089446,Point (-0.089446 51.497382)
"Great Marlborough St, Soho",152022,159,51.514667,-0.137694,Point (-0.137694 51.514667)
"Great Percy Street, Clerkenwell",84895,227,51.528915,-0.11548,Point (-0.11548 51.528915)
"Great Russell Street, Bloomsbury",109528,15,51.517727,-0.127854,Point (-0.127854 51.517727)
"Great Suffolk Street, The Borough",80223,645,51.501732,-0.100292,Point (-0.100292 51.501732)
"Great Titchfield Street, Fitzrovia",101211,81,51.520253,-0.141327,Point (-0.141327 51.520253)
"Great Tower Street, Monument",213247,199,51.510484,-0.082989,Point (-0.082989 51.510484)
"Green Park Station, Mayfair",242019,541,51.506613,-0.142844,Point (-0.142844 51.506613)
"Green Street, Mayfair",141373,138,51.512276,-0.157436,Point (-0.157436 51.512276)
"Greenberry Street, St.John's Wood",32860,590,51.53256,-0.16862,Point (-0.16862 51.53256)
"Greenland Road, Camden Town",123895,572,51.539099,-0.141728,Point (-0.141728 51.539099)
"Grenfell Road, Avondale",31034,754,51.5129,-0.214762,Point (-0.214762 51.5129)
"Greycoat Street , Westminster",42615,353,51.494591,-0.134234,Point (-0.134234 51.494591)
"Greyhound Road, Hammersmith",84900,635,51.486062,-0.214428,Point (-0.214428 51.486062)
"Grosvenor Crescent, Belgravia",38248,207,51.501352,-0.153194,Point (-0.153194 51.501352)
"Grosvenor Road, Pimlico",59146,245,51.485357,-0.142207,Point (-0.142207 51.485357)
"Grosvenor Square, Mayfair",94670,348,51.51217,-0.150481,Point (-0.150481 51.51217)
"Grove End Road, St. John's Wood",82333,312,51.530889,-0.17677,Point (-0.17677 51.530889)
"Guildhouse Street, Victoria",59913,161,51.492345,-0.141334,Point (-0.141334 51.492345)
"Guilford Street , Bloomsbury",122460,57,51.523346,-0.120202,Point (-0.120202 51.523346)
"Gunmakers Lane, Old Ford",93743,459,51.535179,-0.03338,Point (-0.03338 51.535179)
"Gwendwr Road, West Kensington",55175,770,51.491026,-0.209121,Point (-0.209121 51.491026)
"Haggerston Road, Haggerston",119084,749,51.539328,-0.074284,Point (-0.074284 51.539328)
"Halford Road, West Kensington",76248,782,51.483911,-0.197609,Point (-0.197609 51.483911)
"Hammersmith Road, Hammersmith",98384,595,51.493267,-0.21985,Point (-0.21985 51.493267)
"Hammersmith Town Hall, Hammersmith",28803,753,51.492736,-0.234055,Point (-0.234055 51.492736)
"Hampstead Road, Euston",132937,98,51.525542,-0.138231,Point (-0.138231 51.525542)
"Hampton Street, Walworth",89021,152,51.49217,-0.101536,Point (-0.101536 51.49217)
"Handyside Street, King's Cross",63107,806,51.53724,-0.124807,Point (-0.124807 51.53724)
"Hansard Mews, Holland Park",56049,527,51.503802,-0.215808,Point (-0.215808 51.503802)
"Harcourt Terrace, West Brompton",95996,757,51.487958,-0.187404,Point (-0.187404 51.487958)
"Hardwick Street, Clerkenwell",65082,170,51.527842,-0.108068,Point (-0.108068 51.527842)
"Harford Street, Mile End",56817,550,51.521564,-0.039264,Point (-0.039264 51.521564)
"Harper Road, The Borough",58934,249,51.498597,-0.096191,Point (-0.096191 51.498597)
"Harriet Street, Knightsbridge",106000,368,51.500241,-0.15934,Point (-0.15934 51.500241)
"Harrington Square 1, Camden Town",37878,90,51.533019,-0.139174,Point (-0.139174 51.533019)
"Harrington Square 2, Camden Town",70737,425,51.533403,-0.139258,Point (-0.139258 51.533403)
"Harris Academy, Bermondsey",65794,666,51.492668,-0.07235,Point (-0.07235 51.492668)
"Harrowby Street, Marylebone",65279,367,51.517372,-0.164207,Point (-0.164207 51.517372)
"Hartington Road, Stockwell",87466,676,51.47787,-0.126874,Point (-0.126874 51.47787)
"Hatton Garden, Holborn",118813,67,51.518825,-0.108028,Point (-0.108028 51.518825)
"Hatton Wall, Holborn",160411,17,51.521661,-0.109006,Point (-0.109006 51.521661)
"Hawley Crescent, Camden Town",44318,713,51.541007,-0.14326,Point (-0.14326 51.541007)
"Heath Road, Battersea",38644,677,51.468669,-0.146544,Point (-0.146544 51.468669)
"Here East North, Queen Elizabeth Olympic Park",34945,812,51.548731,-0.022606,Point (-0.022606 51.548731)
"Here East South, Queen Elizabeth Olympic Park",21969,816,51.546532,-0.020597,Point (-0.020597 51.546532)
"Hereford Road, Bayswater",89023,29,51.513735,-0.193487,Point (-0.193487 51.513735)
"Hermitage Court, Wapping",61133,451,51.504719,-0.063531,Point (-0.063531 51.504719)
"Heron Quays DLR, Canary Wharf",36494,556,51.502661,-0.021596,Point (-0.021596 51.502661)
"Hertford Road, De Beauvoir Town",105242,748,51.537277,-0.079201,Point (-0.079201 51.537277)
"Hewison Street, Old Ford",59964,471,51.533283,-0.028155,Point (-0.028155 51.533283)
"Hibbert Street, Battersea",76941,673,51.46517,-0.180389,Point (-0.180389 51.46517)
"High Holborn , Covent Garden",93140,358,51.516226,-0.124826,Point (-0.124826 51.516226)
"Hinde Street, Marylebone",125645,210,51.516814,-0.151926,Point (-0.151926 51.516814)
"Holborn Circus, Holborn",208855,66,51.51795,-0.108657,Point (-0.108657 51.51795)
"Holden Street, Battersea",31776,627,51.46879,-0.15823,Point (-0.15823 51.46879)
"Holland Park, Kensington",66943,398,51.502319,-0.200742,Point (-0.200742 51.502319)
"Hollybush Gardens, Bethnal Green",54187,578,51.527607,-0.057133,Point (-0.057133 51.527607)
"Holy Trinity Brompton, Knightsbridge",94825,150,51.497056,-0.168917,Point (-0.168917 51.497056)
"Hop Exchange, The Borough",354488,194,51.504627,-0.091773,Point (-0.091773 51.504627)
"Horseferry Road, Westminster",101393,221,51.494816,-0.130458,Point (-0.130458 51.494816)
"Hortensia Road, West Brompton",75454,739,51.481765,-0.185273,Point (-0.185273 51.481765)
"Houghton Street, Strand",48259,256,51.51362,-0.116764,Point (-0.116764 51.51362)
"Houndsditch, Aldgate",81020,779,51.514449,-0.077178,Point (-0.077178 51.514449)
"Howick Place, Westminster",133879,360,51.496753,-0.138733,Point (-0.138733 51.496753)
"Howland Street, Fitzrovia",121013,357,51.520994,-0.139016,Point (-0.139016 51.520994)
"Hoxton Station, Hoxton",73013,539,51.531091,-0.075901,Point (-0.075901 51.531091)
"Hoxton Street, Hoxton",61417,588,51.52959,-0.0801,Point (-0.0801 51.52959)
"Humbolt Road, Fulham",71106,761,51.483217,-0.21186,Point (-0.21186 51.483217)
"Hurlingham Park, Parsons Green",34157,774,51.470131,-0.20464,Point (-0.20464 51.470131)
"Hyde Park Corner, Hyde Park",616804,191,51.503117,-0.15352,Point (-0.15352 51.503117)
"Ilchester Gardens, Bayswater",102001,584,51.51244,-0.19096,Point (-0.19096 51.51244)
"Ilchester Place, Kensington",33533,145,51.500743,-0.202759,Point (-0.202759 51.500743)
"Imperial College, Knightsbridge",136948,392,51.499428,-0.179702,Point (-0.179702 51.499428)
"Imperial Road, Sands End",62405,738,51.475142,-0.187278,Point (-0.187278 51.475142)
"Imperial Wharf Station, Sands End",123689,780,51.474665,-0.183165,Point (-0.183165 51.474665)
"Import Dock, Canary Wharf",45708,551,51.505772,-0.01646,Point (-0.01646 51.505772)
"Ingrave Street, Clapham Junction",26215,744,51.467454,-0.172293,Point (-0.172293 51.467454)
"Irene Road, Parsons Green",61529,619,51.473763,-0.19701,Point (-0.19701 51.473763)
"Islington Green, Angel",219910,695,51.536384,-0.102757,Point (-0.102757 51.536384)
"Jewry Street, Aldgate",104884,102,51.513406,-0.076793,Point (-0.076793 51.513406)
"Jubilee Crescent, Cubitt Town",29590,447,51.493381,-0.007542,Point (-0.007542 51.493381)
"Jubilee Gardens, South Bank",169374,252,51.504636,-0.116542,Point (-0.116542 51.504636)
"Jubilee Plaza, Canary Wharf",104701,532,51.50357,-0.020068,Point (-0.020068 51.50357)
"Jubilee Street, Stepney",73323,450,51.515975,-0.053177,Point (-0.053177 51.515975)
"Kennington Cross, Kennington",136878,144,51.48894,-0.111435,Point (-0.111435 51.48894)
"Kennington Lane Rail Bridge, Vauxhall",219125,270,51.486343,-0.122492,Point (-0.122492 51.486343)
"Kennington Lane Tesco, Vauxhall",35194,305,51.486824,-0.115659,Point (-0.115659 51.486824)
"Kennington Oval, Oval",90817,440,51.483145,-0.113134,Point (-0.113134 51.483145)
"Kennington Road  , Vauxhall",86129,235,51.495718,-0.110889,Point (-0.110889 51.495718)
"Kennington Road Post Office, Oval",79424,149,51.484788,-0.110683,Point (-0.110683 51.484788)
"Kennington Station, Kennington",71174,435,51.488852,-0.105593,Point (-0.105593 51.488852)
"Kensington Church Street, Kensington",110244,277,51.503157,-0.191496,Point (-0.191496 51.503157)
"Kensington Gore, Knightsbridge",61813,258,51.501432,-0.178656,Point (-0.178656 51.501432)
"Kensington Olympia Station, Olympia",55015,293,51.498157,-0.209494,Point (-0.209494 51.498157)
"Kensington Town Hall, Kensington",47178,375,51.501945,-0.194392,Point (-0.194392 51.501945)
"Killick Street, King's Cross",36862,439,51.5338,-0.118677,Point (-0.118677 51.5338)
"King Edward Street, St Pauls",60599,557,51.51601,-0.0985,Point (-0.0985 51.51601)
"King Edward Walk, Waterloo",31712,371,51.49775,-0.10988,Point (-0.10988 51.49775)
"Kings Gate House, Westminster",43024,799,51.497698,-0.137598,Point (-0.137598 51.497698)
"Kingsway Southbound, Strand",86590,594,51.513875,-0.117774,Point (-0.117774 51.513875)
"Kingsway, Covent Garden",25498,283,51.514409,-0.118478,Point (-0.118478 51.514409)
"Knaresborough Place, Earl's Court",78608,296,51.493631,-0.190603,Point (-0.190603 51.493631)
"Knightsbridge, Hyde Park",104270,222,51.502757,-0.155349,Point (-0.155349 51.502757)
"LMU Commercial Road, Whitechapel",104286,200,51.514924,-0.066078,Point (-0.066078 51.514924)
"LSBU (Borough Road), Elephant & Castle",62061,262,51.498744,-0.103132,Point (-0.103132 51.498744)
"Ladbroke Grove Central, Ladbroke Grove",29368,560,51.511624,-0.205921,Point (-0.205921 51.511624)
"Lambeth North Station, Waterloo",70226,284,51.49914,-0.112031,Point (-0.112031 51.49914)
"Lambeth Palace Road, Waterloo",139951,815,51.500089,-0.116628,Point (-0.116628 51.500089)
"Lambeth Road, Vauxhall",67144,139,51.494881,-0.117974,Point (-0.117974 51.494881)
"Lancaster Drive, Blackwall",30227,526,51.503143,-0.008428,Point (-0.008428 51.503143)
"Lancaster Gate , Bayswater",119542,524,51.511654,-0.179668,Point (-0.179668 51.511654)
"Langdon Park, Poplar",24869,523,51.51549,-0.013475,Point (-0.013475 51.51549)
"Lansdowne Drive, Hackney Central",29582,21,51.539834,-0.062806,Point (-0.062806 51.539834)
"Lansdowne Road, Ladbroke Grove",92480,622,51.507481,-0.205535,Point (-0.205535 51.507481)
"Lansdowne Walk, Ladbroke Grove",25604,543,51.509591,-0.204666,Point (-0.204666 51.509591)
"Lavington Street, Bankside",82007,801,51.505224,-0.098031,Point (-0.098031 51.505224)
"Lee Valley VeloPark, Queen Elizabeth Olympic Park",87758,786,51.549369,-0.015717,Point (-0.015717 51.549369)
"Leman Street, Aldgate",183445,202,51.512363,-0.069542,Point (-0.069542 51.512363)
"Leonard Circus , Shoreditch",178898,32,51.524696,-0.084439,Point (-0.084439 51.524696)
"Lexham Gardens, Kensington",82922,155,51.495866,-0.191933,Point (-0.191933 51.495866)
"Lightermans Road, Millwall",51057,475,51.499041,-0.020157,Point (-0.020157 51.499041)
"Limburg Road, Clapham Junction",24161,777,51.461923,-0.165297,Point (-0.165297 51.461923)
"Limerston Street, West Chelsea",185325,573,51.485587,-0.18119,Point (-0.18119 51.485587)
"Lincoln's Inn Fields, Holborn",57405,809,51.516277,-0.118272,Point (-0.118272 51.516277)
"Lindfield Street, Poplar",56356,469,51.513757,-0.020467,Point (-0.020467 51.513757)
"Lisson Grove, St. John's Wood",47903,60,51.526448,-0.17219,Point (-0.17219 51.526448)
"Little Argyll Street, West End",220375,116,51.514499,-0.141423,Point (-0.141423 51.514499)
"Little Brook Green, Brook Green",47774,775,51.496664,-0.223868,Point (-0.223868 51.496664)
"Liverpool Road (N1 Centre), Angel",134098,234,51.534504,-0.106992,Point (-0.106992 51.534504)
"Lollard Street, Vauxhall",89195,117,51.49288,-0.114934,Point (-0.114934 51.49288)
"London Fields, Hackney Central",74449,614,51.54119,-0.058826,Point (-0.058826 51.54119)
"London Street, Paddington",14063,752,51.515117,-0.173712,Point (-0.173712 51.515117)
"London Zoo Car Park, The Regent's Park",78596,343,51.536922,-0.150181,Point (-0.150181 51.536922)
"London Zoo,  The Regent's Park",78585,271,51.535836,-0.156285,Point (-0.156285 51.535836)
"Long Lane , Bermondsey",87277,308,51.499075,-0.085666,Point (-0.085666 51.499075)
"Longford Street, The Regent's Park",61015,76,51.525595,-0.144083,Point (-0.144083 51.525595)
"Lord's, St. John's Wood",26908,363,51.5289,-0.171592,Point (-0.171592 51.5289)
"Lots Road, West Chelsea",69622,746,51.479573,-0.179038,Point (-0.179038 51.479573)
"Lower Marsh, Waterloo",93989,347,51.500139,-0.113936,Point (-0.113936 51.500139)
"Lower Thames Street, Monument",66266,276,51.509301,-0.084985,Point (-0.084985 51.509301)
"Macclesfield Rd, St Lukes",104782,351,51.529423,-0.097122,Point (-0.097122 51.529423)
"Maida Vale, Maida Vale",71050,8,51.529857,-0.183486,Point (-0.183486 51.529857)
"Malet Street, Bloomsbury",174108,12,51.52168,-0.130431,Point (-0.130431 51.52168)
"Mallory Street, Marylebone",35852,208,51.525051,-0.166304,Point (-0.166304 51.525051)
"Malmesbury Road, Bow",16637,472,51.529452,-0.027616,Point (-0.027616 51.529452)
"Manbre Road, Hammersmith",45301,599,51.485743,-0.223616,Point (-0.223616 51.485743)
"Manresa Road, Chelsea",85707,529,51.486892,-0.170983,Point (-0.170983 51.486892)
"Maplin Street, Mile End",134719,492,51.525501,-0.032267,Point (-0.032267 51.525501)
"Margery Street, Clerkenwell",72396,204,51.526599,-0.112432,Point (-0.112432 51.526599)
"Marloes Road, Kensington",44423,384,51.496481,-0.192404,Point (-0.192404 51.496481)
"Marylebone Lane, Marylebone",135992,301,51.514759,-0.148105,Point (-0.148105 51.514759)
"Merchant Street, Bow",33994,497,51.526578,-0.027581,Point (-0.027581 51.526578)
"Mexfield Road, East Putney",23638,704,51.45682,-0.202802,Point (-0.202802 51.45682)
"Michael Road, Walham Green",64996,731,51.477292,-0.189155,Point (-0.189155 51.477292)
"Mile End Park Leisure Centre, Mile End",77552,763,51.520597,-0.032566,Point (-0.032566 51.520597)
"Mile End Stadium, Mile End",80184,712,51.518541,-0.034903,Point (-0.034903 51.518541)
"Millbank Tower, Pimlico",116566,376,51.491884,-0.125674,Point (-0.125674 51.491884)
"Millennium Hotel, Mayfair",57726,366,51.510919,-0.151126,Point (-0.151126 51.510919)
"Millharbour, Millwall",19970,473,51.496137,-0.019355,Point (-0.019355 51.496137)
"Milroy Walk, South Bank",137878,195,51.507244,-0.106237,Point (-0.106237 51.507244)
"Monier Road, Hackney Wick",84627,783,51.540311,-0.02163,Point (-0.02163 51.540311)
"Montpelier Street, Knightsbridge",126618,292,51.498884,-0.165471,Point (-0.165471 51.498884)
"Montserrat Road , Putney",34879,709,51.463211,-0.21555,Point (-0.21555 51.463211)
"Monument Street, Monument",139997,587,51.50964,-0.08497,Point (-0.08497 51.50964)
"Moor Street, Soho",184120,386,51.513527,-0.13011,Point (-0.13011 51.513527)
"Moorfields, Moorgate",179061,215,51.519069,-0.088285,Point (-0.088285 51.519069)
"Morie Street, Wandsworth",21581,629,51.459953,-0.190184,Point (-0.190184 51.459953)
"Mostyn Grove, Bow",59766,470,51.530535,-0.025492,Point (-0.025492 51.530535)
"Mudchute DLR, Cubitt Town",23929,586,51.490645,-0.014582,Point (-0.014582 51.490645)
"Murray Grove , Hoxton",68669,63,51.53089,-0.089782,Point (-0.089782 51.53089)
"Museum of London, Barbican",125847,126,51.517821,-0.096496,Point (-0.096496 51.517821)
"Nantes Close, Wandsworth",31171,623,51.46193,-0.180791,Point (-0.180791 51.46193)
"Napier Avenue, Millwall",37518,454,51.487679,-0.021582,Point (-0.021582 51.487679)
"Natural History Museum, South Kensington",107818,378,51.495592,-0.179077,Point (-0.179077 51.495592)
"Naval Row, Blackwall",34956,538,51.508981,-0.00699,Point (-0.00699 51.508981)
"Nesham Street, Wapping",181191,46,51.507131,-0.06691,Point (-0.06691 51.507131)
"Nevern Place, Earl's Court",62786,332,51.493343,-0.194757,Point (-0.194757 51.493343)
"Neville Gill Close, Wandsworth",53656,684,51.454752,-0.195197,Point (-0.195197 51.454752)
"New Cavendish Street, Marylebone",103278,581,51.519167,-0.147983,Point (-0.147983 51.519167)
"New Fetter Lane, Holborn",114567,546,51.517428,-0.107987,Point (-0.107987 51.517428)
"New Globe Walk, Bankside",102898,9,51.507385,-0.09644,Point (-0.09644 51.507385)
"New Inn Yard, Shoreditch",122720,58,51.524526,-0.079248,Point (-0.079248 51.524526)
"New Kent Road, The Borough",74952,156,51.494436,-0.092921,Point (-0.092921 51.494436)
"New North Road 1, Hoxton",34062,327,51.53095,-0.085603,Point (-0.085603 51.53095)
"New North Road 2, Hoxton",42348,328,51.53114,-0.086016,Point (-0.086016 51.53114)
"New Road 1 , Whitechapel",119110,206,51.518154,-0.062697,Point (-0.062697 51.518154)
"New Spring Gardens Walk, Vauxhall",40298,813,51.487807,-0.122759,Point (-0.122759 51.487807)
"Newby Place, Poplar",29248,530,51.508896,-0.012413,Point (-0.012413 51.508896)
"Newgate Street , St. Paul's",218188,71,51.515418,-0.09885,Point (-0.09885 51.515418)
"Newton Street, Covent Garden",65785,751,51.516128,-0.120909,Point (-0.120909 51.516128)
"Normand Park, West Kensington",113348,626,51.484386,-0.204815,Point (-0.204815 51.484386)
"Normandy Road, Stockwell",50518,828,51.473874,-0.11258,Point (-0.11258 51.473874)
"North Audley Street, Mayfair",100123,180,51.512911,-0.153645,Point (-0.153645 51.512911)
"North Wharf Road, Paddington",85504,279,51.518622,-0.176645,Point (-0.176645 51.518622)
"Northdown Street, King's Cross",67410,593,51.531066,-0.11934,Point (-0.11934 51.531066)
"Northfields, Wandsworth",36356,688,51.460951,-0.200667,Point (-0.200667 51.460951)
"Northington Street , Holborn",113854,22,51.522264,-0.114079,Point (-0.114079 51.522264)
"Northumberland Avenue, Strand",139119,354,51.506767,-0.123702,Point (-0.123702 51.506767)
"Norton Folgate, Liverpool Street",104154,122,51.521113,-0.078869,Point (-0.078869 51.521113)
"Notting Hill Gate Station, Notting Hill",180942,225,51.509353,-0.196422,Point (-0.196422 51.509353)
"Nutford Place, Marylebone",70186,188,51.516517,-0.164393,Point (-0.164393 51.516517)
"Old Brompton Road, South Kensington",108527,216,51.490945,-0.18119,Point (-0.18119 51.490945)
"Old Ford Road, Bethnal Green",87593,485,51.531127,-0.048017,Point (-0.048017 51.531127)
"Old Montague Street, Whitechapel",98020,537,51.51793,-0.067937,Point (-0.067937 51.51793)
"Old Quebec Street, Marylebone",173544,99,51.514577,-0.158264,Point (-0.158264 51.514577)
"Old Street Station, St. Luke's",217556,73,51.52548,-0.089659,Point (-0.089659 51.52548)
"Ontario Street, Elephant & Castle",103738,324,51.49652,-0.101384,Point (-0.101384 51.49652)
"Orbel Street, Battersea",57767,679,51.474535,-0.17021,Point (-0.17021 51.474535)
"Ormonde Gate, Chelsea",78699,747,51.487964,-0.161765,Point (-0.161765 51.487964)
"Orsett Terrace, Bayswater",32062,165,51.517932,-0.183716,Point (-0.183716 51.517932)
"Osiers Road, Wandsworth",65013,685,51.46067,-0.198735,Point (-0.198735 51.46067)
"Ossulston Street, Somers Town",72138,797,51.5293,-0.128279,Point (-0.128279 51.5293)
"Oxford Road, Putney",24460,743,51.460792,-0.212607,Point (-0.212607 51.460792)
"Paddington Green, Paddington",28416,370,51.520205,-0.174593,Point (-0.174593 51.520205)
"Paddington Street, Marylebone",88532,56,51.520583,-0.154701,Point (-0.154701 51.520583)
"Page Street, Westminster",113484,558,51.493978,-0.127554,Point (-0.127554 51.493978)
"Palace Gardens Terrace, Notting Hill",116175,333,51.508605,-0.193764,Point (-0.193764 51.508605)
"Palace Gate, Kensington Gardens",255870,404,51.502042,-0.1844,Point (-0.1844 51.502042)
"Palissy Street, Shoreditch",65780,322,51.526293,-0.073955,Point (-0.073955 51.526293)
"Pall Mall East, West End",157422,233,51.50777,-0.130699,Point (-0.130699 51.50777)
"Pancras Road, King's Cross",65880,34,51.534123,-0.129386,Point (-0.129386 51.534123)
"Panton Street, West End",149046,83,51.509639,-0.13151,Point (-0.13151 51.509639)
"Park Lane , Hyde Park",258397,111,51.510017,-0.157275,Point (-0.157275 51.510017)
"Park Lane, Mayfair",68451,733,51.505426,-0.150817,Point (-0.150817 51.505426)
"Park Road (Baker Street), The Regent's Park",141062,114,51.524517,-0.158963,Point (-0.158963 51.524517)
"Park Street, Bankside",67461,10,51.505974,-0.092754,Point (-0.092754 51.505974)
"Parkway, Camden Town",71665,456,51.538071,-0.144664,Point (-0.144664 51.538071)
"Parson's Green , Parson's Green",122607,596,51.472817,-0.199783,Point (-0.199783 51.472817)
"Parsons Green Station, Parsons Green",128362,671,51.475089,-0.201968,Point (-0.201968 51.475089)
"Pembridge Villas, Notting Hill",71006,337,51.511084,-0.197524,Point (-0.197524 51.511084)
"Penfold Street, Marylebone",40051,402,51.522892,-0.171681,Point (-0.171681 51.522892)
"Pennington Street, Wapping",39820,490,51.508622,-0.065006,Point (-0.065006 51.508622)
"Penywern Road, Earl's Court",105753,37,51.491593,-0.192369,Point (-0.192369 51.491593)
"Percival Street, Finsbury",81630,544,51.526153,-0.102208,Point (-0.102208 51.526153)
"Peterborough Road, Sands End",36326,648,51.46904,-0.196274,Point (-0.196274 51.46904)
"Phene Street, Chelsea",99137,662,51.484984,-0.167919,Point (-0.167919 51.484984)
"Phillimore Gardens, Kensington",118757,2,51.499606,-0.197574,Point (-0.197574 51.499606)
"Philpot Street, Whitechapel",84031,443,51.515256,-0.058641,Point (-0.058641 51.515256)
"Pindar Street, Liverpool Street",119084,41,51.520955,-0.083493,Point (-0.083493 51.520955)
"Pitfield Street Central, Hoxton",70737,569,51.53213,-0.08299,Point (-0.08299 51.53213)
"Pitfield Street North,Hoxton",125259,465,51.53558,-0.08249,Point (-0.08249 51.53558)
"Plough Terrace, Clapham Junction",40436,734,51.462305,-0.175407,Point (-0.175407 51.462305)
"Podium, Queen Elizabeth Olympic Park",130170,789,51.538718,-0.011889,Point (-0.011889 51.538718)
"Pont Street, Knightsbridge",87581,143,51.496886,-0.161203,Point (-0.161203 51.496886)
"Porchester Place, Paddington",133492,169,51.514746,-0.165164,Point (-0.165164 51.514746)
"Portland Place, Marylebone",97898,184,51.520715,-0.145211,Point (-0.145211 51.520715)
"Portman Square, Marylebone",90356,514,51.516204,-0.155525,Point (-0.155525 51.516204)
"Portugal Street, Holborn",15312,147,51.514943,-0.116146,Point (-0.116146 51.514943)
"Pott Street, Bethnal Green",118619,479,51.527152,-0.058005,Point (-0.058005 51.527152)
"Poured Lines, Bankside",101654,230,51.506692,-0.103137,Point (-0.103137 51.506692)
"Preston's Road, Cubitt Town",26365,563,51.499286,-0.009152,Point (-0.009152 51.499286)
"Prince Albert Road, The Regent's Park",106072,329,51.535892,-0.160854,Point (-0.160854 51.535892)
"Prince Consort Road, Knightsbridge",71359,373,51.499806,-0.176415,Point (-0.176415 51.499806)
"Prince of Wales Drive, Battersea Park",89117,756,51.475153,-0.159169,Point (-0.159169 51.475153)
"Princedale Road , Holland Park",56697,611,51.506465,-0.208486,Point (-0.208486 51.506465)
"Princes Square, Bayswater",53311,261,51.513489,-0.191351,Point (-0.191351 51.513489)
"Pritchard's Road, Bethnal Green",141907,512,51.532091,-0.06142,Point (-0.06142 51.532091)
"Putney Bridge Road, East Putney",32359,728,51.461999,-0.20624,Point (-0.20624 51.461999)
"Putney Bridge Station, Fulham",79267,607,51.468814,-0.210279,Point (-0.210279 51.468814)
"Putney Pier, Wandsworth",63759,302,51.466907,-0.216573,Point (-0.216573 51.466907)
"Putney Rail Station, Putney",40141,694,51.460717,-0.216526,Point (-0.216526 51.460717)
"Queen Mary's, Mile End",95612,491,51.522507,-0.041378,Point (-0.041378 51.522507)
"Queen Mother Sports Centre, Victoria",121494,320,51.493573,-0.139956,Point (-0.139956 51.493573)
"Queen Street 1, Bank",254097,101,51.511553,-0.09294,Point (-0.09294 51.511553)
"Queen Street 2, Bank",182474,579,51.511246,-0.093051,Point (-0.093051 51.511246)
"Queen Victoria Street, St. Paul's",137171,136,51.511961,-0.097441,Point (-0.097441 51.511961)
"Queen's Circus, Battersea Park",182269,625,51.477619,-0.149551,Point (-0.149551 51.477619)
"Queen's Gate (Central), South Kensington",82222,231,51.493967,-0.178732,Point (-0.178732 51.493967)
"Queen's Gate (North), Kensington",102438,266,51.501026,-0.180246,Point (-0.180246 51.501026)
"Queen's Gate (South), South Kensington",95724,187,51.492479,-0.178433,Point (-0.178433 51.492479)
"Queen's Gate, Kensington Gardens",214465,350,51.501715,-0.179854,Point (-0.179854 51.501715)
"Queensbridge Road, Haggerston",61287,536,51.53385,-0.06992,Point (-0.06992 51.53385)
"Queensdale Road, Shepherd's Bush",30842,736,51.50659,-0.216104,Point (-0.216104 51.50659)
"Queensway, Kensington Gardens",125611,224,51.51031,-0.187402,Point (-0.187402 51.51031)
"Rainville Road, Hammersmith",80592,644,51.483732,-0.223852,Point (-0.223852 51.483732)
"Ram Street, Wandsworth",80053,766,51.457529,-0.192165,Point (-0.192165 51.457529)
"Rampayne Street, Pimlico",114230,190,51.489975,-0.132845,Point (-0.132845 51.489975)
"Ranelagh Gardens, Fulham",42561,765,51.467601,-0.206827,Point (-0.206827 51.467601)
"Rathbone Street, Fitzrovia",70668,306,51.518162,-0.135025,Point (-0.135025 51.518162)
"Ravenscourt Park Station, Hammersmith",84019,668,51.494223,-0.236769,Point (-0.236769 51.494223)
"Reardon Street, Wapping",87280,488,51.506946,-0.058681,Point (-0.058681 51.506946)
"Rectory Square, Stepney",57741,561,51.518369,-0.043371,Point (-0.043371 51.518369)
"Red Lion Square, Holborn",69131,23,51.519435,-0.119123,Point (-0.119123 51.519435)
"Red Lion Street, Holborn",160196,436,51.51824,-0.11655,Point (-0.11655 51.51824)
"Regency Street, Westminster",81426,267,51.49206,-0.132224,Point (-0.132224 51.49206)
"Regent's Row , Haggerston",286975,553,51.535678,-0.062546,Point (-0.062546 51.535678)
"Richmond Way, Shepherd's Bush",70994,647,51.500353,-0.217515,Point (-0.217515 51.500353)
"Rifle Place, Avondale",29504,771,51.509224,-0.216016,Point (-0.216016 51.509224)
"Risinghill Street, Angel",54644,339,51.533319,-0.111781,Point (-0.111781 51.533319)
"River Street , Clerkenwell",58470,1,51.529163,-0.10997,Point (-0.10997 51.529163)
"Riverlight North, Nine Elms",120141,183,51.482362,-0.136123,Point (-0.136123 51.482362)
"Riverlight South, Nine Elms",84208,817,51.481335,-0.138212,Point (-0.138212 51.481335)
"Rochester Row, Westminster",60776,118,51.495827,-0.135478,Point (-0.135478 51.495827)
"Rodney Road , Walworth",97934,223,51.491484,-0.09022,Point (-0.09022 51.491484)
"Rodney Street, Angel",10564,59,51.531825,-0.114333,Point (-0.114333 51.531825)
"Roscoe Street, St. Luke's",90648,52,51.522954,-0.094934,Point (-0.094934 51.522954)
"Rossmore Road, Marylebone",36881,760,51.525194,-0.164032,Point (-0.164032 51.525194)
"Rotherhithe Roundabout, Rotherhithe",109795,411,51.499169,-0.055846,Point (-0.055846 51.499169)
"Royal Avenue 1, Chelsea",62347,250,51.489932,-0.162727,Point (-0.162727 51.489932)
"Royal Avenue 2, Chelsea",101234,280,51.490083,-0.162418,Point (-0.162418 51.490083)
"Royal College Street, Camden Town",78983,362,51.536264,-0.133952,Point (-0.133952 51.536264)
"Royal London Hospital, Whitechapel",161544,282,51.518675,-0.06111,Point (-0.06111 51.518675)
"Russell Gardens, Olympia",39976,515,51.500088,-0.211316,Point (-0.211316 51.500088)
"Russell Square Station, Bloomsbury",126248,77,51.523418,-0.124121,Point (-0.124121 51.523418)
"Sackville Street, Mayfair",102791,318,51.510048,-0.138846,Point (-0.138846 51.510048)
"Sadlers Sports Centre, Finsbury",111379,78,51.524868,-0.099489,Point (-0.099489 51.524868)
"Sail Street, Vauxhall",58511,441,51.495656,-0.114605,Point (-0.114605 51.495656)
"Salmon Lane, Limehouse",79794,542,51.514115,-0.033828,Point (-0.033828 51.514115)
"Saltoun Road, Brixton",63214,833,51.460232,-0.115375,Point (-0.115375 51.460232)
"Sancroft Street, Vauxhall",56661,86,51.489479,-0.115156,Point (-0.115156 51.489479)
"Sandilands Road, Walham Green",85344,769,51.473611,-0.191803,Point (-0.191803 51.473611)
"Santos Road, Wandsworth",17900,767,51.457059,-0.200806,Point (-0.200806 51.457059)
"Sardinia Street, Holborn",82723,372,51.515208,-0.117863,Point (-0.117863 51.515208)
"Saunders Ness Road, Cubitt Town",91443,481,51.487129,-0.009001,Point (-0.009001 51.487129)
"Scala Street, Fitzrovia",69708,13,51.519914,-0.136039,Point (-0.136039 51.519914)
"Sea Containers, South Bank",63664,839,51.508033,-0.106823,Point (-0.106823 51.508033)
"Sedding Street, Sloane Square",153833,5,51.49313,-0.156876,Point (-0.156876 51.49313)
"Selby Street, Whitechapel",41951,565,51.521905,-0.063386,Point (-0.063386 51.521905)
"Serpentine Car Park, Hyde Park",256344,300,51.505014,-0.17306,Point (-0.17306 51.505014)
"Seville Street, Knightsbridge",113811,166,51.501855,-0.159237,Point (-0.159237 51.501855)
"Seymour Place, Marylebone",77454,605,51.520331,-0.163667,Point (-0.163667 51.520331)
"Shadwell Station, Shadwell",121865,449,51.511088,-0.057159,Point (-0.057159 51.511088)
"Sheepcote Lane, Battersea",51561,632,51.470538,-0.163041,Point (-0.163041 51.470538)
"Shepherd's Bush Road North, Shepherd's Bush",68760,667,51.501594,-0.222293,Point (-0.222293 51.501594)
"Shoreditch Court, Haggerston",74886,698,51.539083,-0.070329,Point (-0.070329 51.539083)
"Shoreditch High Street, Shoreditch",227121,39,51.526377,-0.07813,Point (-0.07813 51.526377)
"Shoreditch Park, Hoxton",129390,253,51.534042,-0.086379,Point (-0.086379 51.534042)
"Shouldham Street, Marylebone",76227,396,51.51809,-0.163609,Point (-0.163609 51.51809)
"Sidney Road, Stockwell",36776,830,51.469202,-0.119022,Point (-0.119022 51.469202)
"Silverthorne Road, Battersea",71128,640,51.472865,-0.148059,Point (-0.148059 51.472865)
"Simpson Street, Clapham Junction",95456,653,51.470847,-0.170703,Point (-0.170703 51.470847)
"Sirdar Road, Avondale",21600,740,51.510928,-0.214594,Point (-0.214594 51.510928)
"Sloane Avenue, Knightsbridge",133613,163,51.493184,-0.167894,Point (-0.167894 51.493184)
"Smith Square, Westminster",93763,281,51.495805,-0.127575,Point (-0.127575 51.495805)
"Smugglers Way, Wandsworth",50044,665,51.461083,-0.191722,Point (-0.191722 51.461083)
"Snow Hill, Farringdon",106022,393,51.517334,-0.103604,Point (-0.103604 51.517334)
"Snowsfields, London Bridge",106312,706,51.502153,-0.083632,Point (-0.083632 51.502153)
"Soho Square , Soho",246066,109,51.515631,-0.132328,Point (-0.132328 51.515631)
"Somerset House, Strand",182901,564,51.509943,-0.117619,Point (-0.117619 51.509943)
"Sopwith Way, Battersea Park",101121,800,51.481121,-0.149035,Point (-0.149035 51.481121)
"South Audley Street, Mayfair",41341,289,51.50923,-0.151296,Point (-0.151296 51.50923)
"South Kensington Station, South Kensington",220037,356,51.494412,-0.173881,Point (-0.173881 51.494412)
"South Lambeth Road, Vauxhall",97652,600,51.481747,-0.124642,Point (-0.124642 51.481747)
"South Parade, Chelsea",58076,430,51.48902,-0.17524,Point (-0.17524 51.48902)
"South Park, Sands End",72330,636,51.467064,-0.193502,Point (-0.193502 51.467064)
"South Quay East, Canary Wharf",8690,494,51.50196,-0.016251,Point (-0.016251 51.50196)
"South Wharf Road, Paddington",151479,186,51.517335,-0.17581,Point (-0.17581 51.517335)
"Southampton Place, Holborn",103243,162,51.517606,-0.121328,Point (-0.121328 51.517606)
"Southampton Street, Strand",136246,388,51.510701,-0.121723,Point (-0.121723 51.510701)
"Southern Grove, Bow",45160,467,51.523538,-0.030556,Point (-0.030556 51.523538)
"Southerton Road, Hammersmith",63527,598,51.494499,-0.228188,Point (-0.228188 51.494499)
"Southwark Station 1, Southwark",70623,420,51.504043,-0.105312,Point (-0.105312 51.504043)
"Southwark Station 2, Southwark",114160,421,51.504044,-0.104778,Point (-0.104778 51.504044)
"Southwark Street, Bankside",51715,803,51.505409,-0.098341,Point (-0.098341 51.505409)
"Southwick Street, Paddington",93089,265,51.515953,-0.169249,Point (-0.169249 51.515953)
"Spanish Road, Clapham Junction",22231,689,51.459225,-0.180884,Point (-0.180884 51.459225)
"Speakers' Corner 1, Hyde Park",83290,407,51.512301,-0.159925,Point (-0.159925 51.512301)
"Speakers' Corner 2, Hyde Park",64853,406,51.512232,-0.160529,Point (-0.160529 51.512232)
"Spencer Park, Wandsworth Common",28903,637,51.45787,-0.174691,Point (-0.174691 51.45787)
"Spindrift Avenue, Millwall",36866,477,51.49109,-0.018716,Point (-0.018716 51.49109)
"St John's Crescent, Brixton",31142,831,51.466232,-0.113179,Point (-0.113179 51.466232)
"St Martins Close, Camden Town",39351,604,51.538792,-0.138535,Point (-0.138535 51.538792)
"St Mary's Hospital, Paddington",168635,290,51.518268,-0.171103,Point (-0.171103 51.518268)
"St. Bride Street, Holborn",129207,703,51.515059,-0.105344,Point (-0.105344 51.515059)
"St. Chad's Street, King's Cross",71317,4,51.530059,-0.120973,Point (-0.120973 51.530059)
"St. George Street, Mayfair",81129,349,51.51196,-0.142783,Point (-0.142783 51.51196)
"St. George's Square, Pimlico",118400,294,51.488226,-0.135635,Point (-0.135635 51.488226)
"St. James's Square, St. James's",200567,228,51.507424,-0.134621,Point (-0.134621 51.507424)
"St. John Street, Finsbury",61494,123,51.52836,-0.104724,Point (-0.104724 51.52836)
"St. John's Park, Cubitt Town",18439,504,51.496454,-0.009506,Point (-0.009506 51.496454)
"St. John's Road, Clapham Junction",73806,764,51.462392,-0.168292,Point (-0.168292 51.462392)
"St. John's Wood Church, The Regent's Park",72548,247,51.530529,-0.167515,Point (-0.167515 51.530529)
"St. John's Wood Road, St. John's Wood",64172,286,51.527294,-0.174653,Point (-0.174653 51.527294)
"St. Katharine's Way, Tower",96294,452,51.505697,-0.070542,Point (-0.070542 51.505697)
"St. Luke's Church, Chelsea",89922,218,51.489716,-0.170194,Point (-0.170194 51.489716)
"St. Mark's Road, North Kensington",71817,650,51.51687,-0.213872,Point (-0.213872 51.51687)
"St. Martin's Street, West End",78518,325,51.509087,-0.129697,Point (-0.129697 51.509087)
"St. Mary & St. Michael Church, Stepney",26432,464,51.51417,-0.052099,Point (-0.052099 51.51417)
"St. Mary Axe, Aldgate",98893,263,51.514225,-0.08066,Point (-0.08066 51.514225)
"St. Peter's Terrace, Fulham",101445,729,51.478939,-0.208485,Point (-0.208485 51.478939)
"Stainsby Road , Poplar",50846,716,51.515427,-0.023565,Point (-0.023565 51.515427)
"Stamford Street, South Bank",106612,197,51.505569,-0.111606,Point (-0.111606 51.505569)
"Stanhope Gate, Mayfair",54142,380,51.506864,-0.150666,Point (-0.150666 51.506864)
"Stanley Grove, Battersea",43491,690,51.470475,-0.15213,Point (-0.15213 51.470475)
"Star Road, West Kensington",64723,720,51.487244,-0.205279,Point (-0.205279 51.487244)
"Stebondale Street, Cubitt Town",23407,476,51.489096,-0.009205,Point (-0.009205 51.489096)
"Stephendale Road, Sands End",121365,723,51.46822,-0.190346,Point (-0.190346 51.46822)
"Stepney Green Station, Stepney",127670,478,51.521889,-0.04667,Point (-0.04667 51.521889)
"Stewart's Road, Wandsworth Road",34794,714,51.473116,-0.137235,Point (-0.137235 51.473116)
"Stonecutter Street, Holborn",77915,112,51.515809,-0.10527,Point (-0.10527 51.515809)
"Store Street, Bloomsbury",107360,364,51.519572,-0.13214,Point (-0.13214 51.519572)
"Storey's Gate, Westminster",269047,762,51.500703,-0.129698,Point (-0.129698 51.500703)
"Strand, Strand",94841,174,51.512582,-0.115057,Point (-0.115057 51.512582)
"Strata, Elephant & Castle",118205,409,51.493146,-0.099828,Point (-0.099828 51.493146)
"Stratford Station, Stratford",73011,790,51.541793,-0.00481,Point (-0.00481 51.541793)
"Sugden Road, Clapham",55109,609,51.465123,-0.157788,Point (-0.157788 51.465123)
"Sumner Place, South Kensington",66963,172,51.491211,-0.173715,Point (-0.173715 51.491211)
"Sun Street, Liverpool Street",38839,408,51.520009,-0.083935,Point (-0.083935 51.520009)
"Surrey Lane, Battersea",70347,620,51.47518,-0.16716,Point (-0.16716 51.47518)
"Sutton Street, Shadwell",114901,511,51.511066,-0.053558,Point (-0.053558 51.511066)
"Swan Street, The Borough",85672,295,51.500296,-0.092762,Point (-0.092762 51.500296)
"Tachbrook Street, Victoria",99795,148,51.492111,-0.138364,Point (-0.138364 51.492111)
"Tallis Street, Temple",115285,773,51.511891,-0.107349,Point (-0.107349 51.511891)
"Tanner Street, Bermondsey",136243,85,51.500647,-0.0786,Point (-0.0786 51.500647)
"Tate Modern, Bankside",104346,810,51.506725,-0.098807,Point (-0.098807 51.506725)
"Tavistock Place, Bloomsbury",98328,89,51.52625,-0.123509,Point (-0.123509 51.52625)
"Tavistock Street, Covent Garden",136276,335,51.511968,-0.120718,Point (-0.120718 51.511968)
"Taviton Street, Bloomsbury",98691,19,51.52505,-0.131161,Point (-0.131161 51.52505)
"Temple Gardens, Temple",38474,842,51.510981,-0.108322,Point (-0.108322 51.510981)
"Teversham Lane, Stockwell",38536,669,51.476149,-0.123258,Point (-0.123258 51.476149)
"Teviot Street, Poplar",14205,519,51.518811,-0.011662,Point (-0.011662 51.518811)
"The Guildhall, Guildhall",60755,120,51.515735,-0.09308,Point (-0.09308 51.515735)
"The Metropolitan, Portobello",30384,805,51.520509,-0.200804,Point (-0.200804 51.520509)
"The Tennis Courts, The Regent's Park",105386,315,51.525367,-0.153463,Point (-0.153463 51.525367)
"The Vale, Chelsea",122093,755,51.485121,-0.174971,Point (-0.174971 51.485121)
"Theobald's Road , Holborn",123470,68,51.520596,-0.116688,Point (-0.116688 51.520596)
"Thessaly Road North, Nine Elms",12374,1001,51.477273,-0.138781,Point (-0.138781 51.477273)
"Thorndike Close, West Chelsea",66253,651,51.480898,-0.183853,Point (-0.183853 51.480898)
"Thornfield House, Poplar",4393,567,51.509913,-0.023606,Point (-0.023606 51.509913)
"Thurtle Road, Haggerston",45048,463,51.534776,-0.071881,Point (-0.071881 51.534776)
"Timber Lodge, Queen Elizabeth Olympic Park",86598,787,51.546805,-0.014691,Point (-0.014691 51.546805)
"Tooley Street, Bermondsey",247724,278,51.503493,-0.07962,Point (-0.07962 51.503493)
"Torrens Street, Angel",90711,75,51.532199,-0.10548,Point (-0.10548 51.532199)
"Tower Gardens , Tower",244385,130,51.509506,-0.075459,Point (-0.075459 51.509506)
"Tower Wharf, Bermondsey",28560,841,51.500845,-0.074704,Point (-0.074704 51.500845)
"Trebovir Road, Earl's Court",79801,158,51.490853,-0.19617,Point (-0.19617 51.490853)
"Triangle Car Park, Hyde Park",327016,248,51.506451,-0.170279,Point (-0.170279 51.506451)
"Turquoise Island, Notting Hill",107531,379,51.514311,-0.200838,Point (-0.200838 51.514311)
"Twig Folly Bridge, Mile End",106467,531,51.530326,-0.042744,Point (-0.042744 51.530326)
"Tyers Gate, Bermondsey",80719,314,51.500889,-0.083159,Point (-0.083159 51.500889)
"Tysoe Street, Clerkenwell",137286,264,51.526443,-0.109256,Point (-0.109256 51.526443)
"Union Grove, Wandsworth Road",78274,602,51.472993,-0.133972,Point (-0.133972 51.472993)
"Union Street, The Borough",87262,196,51.503688,-0.098497,Point (-0.098497 51.503688)
"Upcerne Road, West Chelsea",60510,745,51.478169,-0.182435,Point (-0.182435 51.478169)
"Upper Bank Street, Canary Wharf",91566,570,51.503083,-0.017676,Point (-0.017676 51.503083)
"Upper Grosvenor Street, Mayfair",37693,389,51.51013,-0.155757,Point (-0.155757 51.51013)
"Upper Richmond Road, Putney",26839,705,51.459715,-0.212145,Point (-0.212145 51.459715)
"Usk Road, Clapham Junction",57705,675,51.463489,-0.182126,Point (-0.182126 51.463489)
"Vauxhall Bridge , Pimlico",61800,146,51.488365,-0.129361,Point (-0.129361 51.488365)
"Vauxhall Cross, Vauxhall",222955,74,51.485917,-0.124469,Point (-0.124469 51.485917)
"Vauxhall Street, Vauxhall",52065,352,51.486965,-0.116625,Point (-0.116625 51.486965)
"Vauxhall Walk, Vauxhall",64878,437,51.488124,-0.120903,Point (-0.120903 51.488124)
"Vereker Road, West Kensington",97088,633,51.489591,-0.209378,Point (-0.209378 51.489591)
"Vicarage Crescent, Battersea",111995,701,51.472876,-0.176267,Point (-0.176267 51.472876)
"Vicarage Gate, Kensington",49496,103,51.504723,-0.192538,Point (-0.192538 51.504723)
"Victoria & Albert Museum, South Kensington",63924,781,51.495898,-0.173009,Point (-0.173009 51.495898)
"Victoria Park Road, Hackney Central",129446,719,51.536424,-0.054162,Point (-0.054162 51.536424)
"Victoria Rise, Clapham Common",29368,794,51.461376,-0.147804,Point (-0.147804 51.461376)
"Victory Place, Walworth",47537,820,51.492807,-0.091938,Point (-0.091938 51.492807)
"Vincent Square, Westminster",46384,299,51.493985,-0.136928,Point (-0.136928 51.493985)
"Vincent Street, Pimlico",72063,426,51.493072,-0.129925,Point (-0.129925 51.493072)
"Walmer Road, Avondale",37856,442,51.510101,-0.211358,Point (-0.211358 51.510101)
"Walnut Tree Walk, Vauxhall",76504,91,51.493686,-0.111014,Point (-0.111014 51.493686)
"Walworth Square, Walworth",49480,725,51.491327,-0.096518,Point (-0.096518 51.491327)
"Wandsworth Rd, Isley Court, Wandsworth Road",78010,612,51.469259,-0.141812,Point (-0.141812 51.469259)
"Wandsworth Town Station, Wandsworth",87866,621,51.460864,-0.187427,Point (-0.187427 51.460864)
"Wansey Street, Walworth",97,79,51.491056,-0.097291,Point (-0.097291 51.491056)
"Wapping High Street, Wapping",69385,134,51.504904,-0.06797,Point (-0.06797 51.504904)
"Wapping Lane, Wapping",104487,458,51.504749,-0.057544,Point (-0.057544 51.504749)
"Wardour Street, Soho",178381,192,51.512515,-0.133201,Point (-0.133201 51.512515)
"Warren Street Station, Euston",176231,239,51.524438,-0.138019,Point (-0.138019 51.524438)
"Warwick Avenue Station, Maida Vale",126401,47,51.523344,-0.183846,Point (-0.183846 51.523344)
"Warwick Road, Olympia",88344,274,51.496712,-0.205284,Point (-0.205284 51.496712)
"Warwick Row, Westminster",86329,316,51.497998,-0.14296,Point (-0.14296 51.497998)
"Warwick Square, Pimlico",94085,178,51.489856,-0.141923,Point (-0.141923 51.489856)
"Waterloo Bridge, South Bank",59033,377,51.505354,-0.113656,Point (-0.113656 51.505354)
"Waterloo Place, St. James's",128354,160,51.506633,-0.131773,Point (-0.131773 51.506633)
"Waterloo Road, South Bank",91793,173,51.50486,-0.113001,Point (-0.113001 51.50486)
"Waterloo Station 1, Waterloo",386621,374,51.504027,-0.113864,Point (-0.113864 51.504027)
"Waterloo Station 2, Waterloo",231833,361,51.503919,-0.113426,Point (-0.113426 51.503919)
"Waterloo Station 3, Waterloo",489417,154,51.503791,-0.112824,Point (-0.112824 51.503791)
"Watney Market, Stepney",76467,513,51.514222,-0.055656,Point (-0.055656 51.514222)
"Watney Street, Shadwell",111366,552,51.511542,-0.056667,Point (-0.056667 51.511542)
"Webber Street , Southwark",81363,80,51.500693,-0.102091,Point (-0.102091 51.500693)
"Wellington Arch, Hyde Park",365090,213,51.50274,-0.149569,Point (-0.149569 51.50274)
"Wellington Road, St. John's Wood",66511,110,51.533043,-0.172528,Point (-0.172528 51.533043)
"Wellington Row, Bethnal Green",87038,533,51.528222,-0.069743,Point (-0.069743 51.528222)
"Wellington Street , Strand",164368,338,51.511756,-0.119643,Point (-0.119643 51.511756)
"Wells Street, Fitzrovia",129383,313,51.517344,-0.138072,Point (-0.138072 51.517344)
"Wendon Street, Old Ford",54677,721,51.536039,-0.026262,Point (-0.026262 51.536039)
"Wenlock Road , Hoxton",116858,42,51.530991,-0.093903,Point (-0.093903 51.530991)
"West Cromwell Road, Earl's Court",74937,142,51.493724,-0.198286,Point (-0.198286 51.493724)
"West Kensington Station, West Kensington",64047,660,51.49087,-0.206029,Point (-0.206029 51.49087)
"West Smithfield Rotunda, Farringdon",145053,203,51.518218,-0.100791,Point (-0.100791 51.518218)
"Westbourne Grove, Bayswater",93386,105,51.515529,-0.19024,Point (-0.19024 51.515529)
"Westbourne Park Road, Portobello",69144,758,51.51787,-0.201005,Point (-0.201005 51.51787)
"Westbridge Road, Battersea",140746,680,51.477684,-0.170329,Point (-0.170329 51.477684)
"Westferry Circus, Canary Wharf",97645,811,51.505703,-0.027772,Point (-0.027772 51.505703)
"Westferry DLR, Limehouse",123940,510,51.509303,-0.025996,Point (-0.025996 51.509303)
"Westfield Ariel Way, White City",61681,566,51.509158,-0.224103,Point (-0.224103 51.509158)
"Westfield Eastern Access Road, Shepherd's Bush",764,555,51.509159,-0.219645,Point (-0.219645 51.509159)
"Westfield Library Corner, Shepherd's Bush",54927,591,51.506093,-0.224303,Point (-0.224303 51.506093)
"Westfield Southern Terrace ,Shepherd's Bush",53996,571,51.506256,-0.218337,Point (-0.218337 51.506256)
"Westminster Bridge Road, Elephant & Castle",30307,548,51.498386,-0.107913,Point (-0.107913 51.498386)
"Westminster Pier, Westminster",179088,818,51.501513,-0.123823,Point (-0.123823 51.501513)
"Westminster University, Marylebone",74875,257,51.522481,-0.154907,Point (-0.154907 51.522481)
"Whiston Road, Haggerston",63276,466,51.534464,-0.076341,Point (-0.076341 51.534464)
"Whitehall Place, Strand",237486,229,51.506543,-0.123179,Point (-0.123179 51.506543)
"William IV Street, Strand",193808,64,51.509462,-0.124749,Point (-0.124749 51.509462)
"William Morris Way, Sands End",74454,628,51.468819,-0.184318,Point (-0.184318 51.468819)
"Windsor Terrace, Hoxton",97392,30,51.529154,-0.093421,Point (-0.093421 51.529154)
"Wood Street, Guildhall",65883,127,51.517008,-0.093885,Point (-0.093885 51.517008)
"Woodstock Grove, Shepherd's Bush",121687,613,51.504038,-0.2174,Point (-0.2174 51.504038)
"Woodstock Street, Mayfair",67395,106,51.514105,-0.147301,Point (-0.147301 51.514105)
"World's End Place, West Chelsea",87031,649,51.481805,-0.180274,Point (-0.180274 51.481805)
"Wormwood Street, Liverpool Street",324024,217,51.516154,-0.082422,Point (-0.082422 51.516154)
"Worship Street, Shoreditch",89809,175,51.521668,-0.079608,Point (-0.079608 51.521668)
"Wren Street, Holborn",126048,433,51.524564,-0.116279,Point (-0.116279 51.524564)
"Wright's Lane, Kensington",137924,157,51.500397,-0.193068,Point (-0.193068 51.500397)
"Wynne Road, Stockwell",23375,829,51.469217,-0.112686,Point (-0.112686 51.469217)
"York Hall, Bethnal Green",112205,446,51.528936,-0.055894,Point (-0.055894 51.528936)
"York Way, Kings Cross",36867,836,51.541596,-0.125441,Point (-0.125441 51.541596)
